[
    {
        "region_name": "Bottom of the Well",
        "dungeon": "Bottom of the Well",
        "locations": {
            "Bottom of the Well MQ Compass Chest": "
                Kokiri_Sword or (Sticks and logic_child_deadhand)",
            "Bottom of the Well MQ Map Chest": "
                can_play(Zeldas_Lullaby) or has_explosives",
            "Bottom of the Well MQ Lens of Truth Chest": "
                has_explosives and 
                (Small_Key_Bottom_of_the_Well, 2)",
            "Bottom of the Well MQ Dead Hand Freestanding Key": "
                has_explosives or (logic_botw_mq_dead_hand_key and Boomerang)",
            "Bottom of the Well MQ East Inner Room Freestanding Key": "
                can_play(Zeldas_Lullaby) or has_explosives",
            "Bottom of the Well MQ GS Basement": "can_child_attack",
            "Bottom of the Well MQ GS West Inner Room": "
                can_child_attack and 
                (can_play(Zeldas_Lullaby) or has_explosives)",
            "Bottom of the Well MQ GS Coffin Room": "
                can_child_attack and 
                (Small_Key_Bottom_of_the_Well, 2)"
        },
        "exits": {
            "Kakariko Village": "True"
        }
    }
]
