{"wooden-chest":50,"iron-chest":50,"steel-chest":50,"storage-tank":50,"transport-belt":100,"fast-transport-belt":100,"express-transport-belt":100,"underground-belt":50,"fast-underground-belt":50,"express-underground-belt":50,"splitter":50,"fast-splitter":50,"express-splitter":50,"loader":50,"fast-loader":50,"express-loader":50,"burner-inserter":50,"inserter":50,"long-handed-inserter":50,"fast-inserter":50,"filter-inserter":50,"stack-inserter":50,"stack-filter-inserter":50,"small-electric-pole":50,"medium-electric-pole":50,"big-electric-pole":50,"substation":50,"pipe":100,"pipe-to-ground":50,"pump":50,"rail":100,"train-stop":10,"rail-signal":50,"rail-chain-signal":50,"locomotive":5,"cargo-wagon":5,"fluid-wagon":5,"artillery-wagon":5,"car":1,"tank":1,"spidertron":1,"spidertron-remote":1,"logistic-robot":50,"construction-robot":50,"logistic-chest-active-provider":50,"logistic-chest-passive-provider":50,"logistic-chest-storage":50,"logistic-chest-buffer":50,"logistic-chest-requester":50,"roboport":10,"small-lamp":50,"red-wire":200,"green-wire":200,"arithmetic-combinator":50,"decider-combinator":50,"constant-combinator":50,"power-switch":50,"programmable-speaker":50,"stone-brick":100,"concrete":100,"hazard-concrete":100,"refined-concrete":100,"refined-hazard-concrete":100,"landfill":100,"cliff-explosives":20,"dummy-steel-axe":1,"repair-pack":100,"blueprint":1,"deconstruction-planner":1,"upgrade-planner":1,"blueprint-book":1,"copy-paste-tool":1,"cut-paste-tool":1,"boiler":50,"steam-engine":10,"solar-panel":50,"accumulator":50,"nuclear-reactor":10,"heat-pipe":50,"heat-exchanger":50,"steam-turbine":10,"burner-mining-drill":50,"electric-mining-drill":50,"offshore-pump":20,"pumpjack":20,"stone-furnace":50,"steel-furnace":50,"electric-furnace":50,"assembling-machine-1":50,"assembling-machine-2":50,"assembling-machine-3":50,"oil-refinery":10,"chemical-plant":10,"centrifuge":50,"lab":10,"beacon":10,"speed-module":50,"speed-module-2":50,"speed-module-3":50,"effectivity-module":50,"effectivity-module-2":50,"effectivity-module-3":50,"productivity-module":50,"productivity-module-2":50,"productivity-module-3":50,"rocket-silo":1,"satellite":1,"wood":100,"coal":50,"stone":50,"iron-ore":50,"copper-ore":50,"uranium-ore":50,"raw-fish":100,"iron-plate":100,"copper-plate":100,"solid-fuel":50,"steel-plate":100,"plastic-bar":100,"sulfur":50,"battery":200,"explosives":50,"crude-oil-barrel":10,"heavy-oil-barrel":10,"light-oil-barrel":10,"lubricant-barrel":10,"petroleum-gas-barrel":10,"sulfuric-acid-barrel":10,"water-barrel":10,"copper-cable":200,"iron-stick":100,"iron-gear-wheel":100,"empty-barrel":10,"electronic-circuit":200,"advanced-circuit":200,"processing-unit":100,"engine-unit":50,"electric-engine-unit":50,"flying-robot-frame":50,"rocket-control-unit":10,"low-density-structure":10,"rocket-fuel":10,"rocket-part":5,"nuclear-fuel":1,"uranium-235":100,"uranium-238":100,"uranium-fuel-cell":50,"used-up-uranium-fuel-cell":50,"automation-science-pack":200,"logistic-science-pack":200,"military-science-pack":200,"chemical-science-pack":200,"production-science-pack":200,"utility-science-pack":200,"space-science-pack":2000,"coin":100000,"pistol":5,"submachine-gun":5,"tank-machine-gun":1,"vehicle-machine-gun":1,"tank-flamethrower":1,"shotgun":5,"combat-shotgun":5,"rocket-launcher":5,"flamethrower":5,"land-mine":100,"artillery-wagon-cannon":1,"spidertron-rocket-launcher-1":1,"spidertron-rocket-launcher-2":1,"spidertron-rocket-launcher-3":1,"spidertron-rocket-launcher-4":1,"tank-cannon":1,"firearm-magazine":200,"piercing-rounds-magazine":200,"uranium-rounds-magazine":200,"shotgun-shell":200,"piercing-shotgun-shell":200,"cannon-shell":200,"explosive-cannon-shell":200,"uranium-cannon-shell":200,"explosive-uranium-cannon-shell":200,"artillery-shell":1,"rocket":200,"explosive-rocket":200,"atomic-bomb":10,"flamethrower-ammo":100,"grenade":100,"cluster-grenade":100,"poison-capsule":100,"slowdown-capsule":100,"defender-capsule":100,"distractor-capsule":100,"destroyer-capsule":100,"light-armor":1,"heavy-armor":1,"modular-armor":1,"power-armor":1,"power-armor-mk2":1,"solar-panel-equipment":20,"fusion-reactor-equipment":20,"battery-equipment":20,"battery-mk2-equipment":20,"belt-immunity-equipment":20,"exoskeleton-equipment":20,"personal-roboport-equipment":20,"personal-roboport-mk2-equipment":20,"night-vision-equipment":20,"energy-shield-equipment":20,"energy-shield-mk2-equipment":20,"personal-laser-defense-equipment":20,"discharge-defense-equipment":20,"discharge-defense-remote":1,"stone-wall":100,"gate":50,"gun-turret":50,"laser-turret":50,"flamethrower-turret":50,"artillery-turret":10,"artillery-targeting-remote":1,"radar":50,"player-port":50,"item-unknown":1,"electric-energy-interface":50,"linked-chest":10,"heat-interface":20,"linked-belt":10,"infinity-chest":10,"infinity-pipe":10,"selection-tool":1,"item-with-inventory":1,"item-with-label":1,"item-with-tags":1,"simple-entity-with-force":50,"simple-entity-with-owner":50,"burner-generator":10}