{"stone-furnace":{"smelting":true},"steel-furnace":{"smelting":true},"electric-furnace":{"smelting":true},"assembling-machine-1":{"crafting":true,"basic-crafting":true,"advanced-crafting":true},"assembling-machine-2":{"basic-crafting":true,"crafting":true,"advanced-crafting":true,"crafting-with-fluid":true},"assembling-machine-3":{"basic-crafting":true,"crafting":true,"advanced-crafting":true,"crafting-with-fluid":true},"oil-refinery":{"oil-processing":true},"chemical-plant":{"chemistry":true},"centrifuge":{"centrifuging":true},"rocket-silo":{"rocket-building":true},"character":{"crafting":true}}