{"accumulator":{"ingredients":{"iron-plate":2,"battery":5},"products":{"accumulator":1},"category":"crafting","energy":10},"advanced-circuit":{"ingredients":{"plastic-bar":2,"copper-cable":4,"electronic-circuit":2},"products":{"advanced-circuit":1},"category":"crafting","energy":6},"arithmetic-combinator":{"ingredients":{"copper-cable":5,"electronic-circuit":5},"products":{"arithmetic-combinator":1},"category":"crafting","energy":0.5},"artillery-shell":{"ingredients":{"explosives":8,"explosive-cannon-shell":4,"radar":1},"products":{"artillery-shell":1},"category":"crafting","energy":15},"artillery-targeting-remote":{"ingredients":{"processing-unit":1,"radar":1},"products":{"artillery-targeting-remote":1},"category":"crafting","energy":0.5},"artillery-turret":{"ingredients":{"steel-plate":60,"iron-gear-wheel":40,"advanced-circuit":20,"concrete":60},"products":{"artillery-turret":1},"category":"crafting","energy":40},"artillery-wagon":{"ingredients":{"steel-plate":40,"iron-gear-wheel":10,"advanced-circuit":20,"engine-unit":64,"pipe":16},"products":{"artillery-wagon":1},"category":"crafting","energy":4},"assembling-machine-1":{"ingredients":{"iron-plate":9,"iron-gear-wheel":5,"electronic-circuit":3},"products":{"assembling-machine-1":1},"category":"crafting","energy":0.5},"assembling-machine-2":{"ingredients":{"steel-plate":2,"iron-gear-wheel":5,"electronic-circuit":3,"assembling-machine-1":1},"products":{"assembling-machine-2":1},"category":"crafting","energy":0.5},"assembling-machine-3":{"ingredients":{"assembling-machine-2":2,"speed-module":4},"products":{"assembling-machine-3":1},"category":"crafting","energy":0.5},"atomic-bomb":{"ingredients":{"explosives":10,"rocket-control-unit":10,"uranium-235":30},"products":{"atomic-bomb":1},"category":"crafting","energy":50},"automation-science-pack":{"ingredients":{"copper-plate":1,"iron-gear-wheel":1},"products":{"automation-science-pack":1},"category":"crafting","energy":5},"battery":{"ingredients":{"iron-plate":1,"copper-plate":1,"sulfuric-acid":20},"products":{"battery":1},"category":"chemistry","energy":4},"battery-equipment":{"ingredients":{"steel-plate":10,"battery":5},"products":{"battery-equipment":1},"category":"crafting","energy":10},"battery-mk2-equipment":{"ingredients":{"processing-unit":15,"low-density-structure":5,"battery-equipment":10},"products":{"battery-mk2-equipment":1},"category":"crafting","energy":10},"beacon":{"ingredients":{"steel-plate":10,"copper-cable":10,"electronic-circuit":20,"advanced-circuit":20},"products":{"beacon":1},"category":"crafting","energy":15},"belt-immunity-equipment":{"ingredients":{"steel-plate":10,"advanced-circuit":5},"products":{"belt-immunity-equipment":1},"category":"crafting","energy":10},"big-electric-pole":{"ingredients":{"copper-plate":5,"steel-plate":5,"iron-stick":8},"products":{"big-electric-pole":1},"category":"crafting","energy":0.5},"boiler":{"ingredients":{"pipe":4,"stone-furnace":1},"products":{"boiler":1},"category":"crafting","energy":0.5},"burner-inserter":{"ingredients":{"iron-plate":1,"iron-gear-wheel":1},"products":{"burner-inserter":1},"category":"crafting","energy":0.5},"burner-mining-drill":{"ingredients":{"iron-plate":3,"iron-gear-wheel":3,"stone-furnace":1},"products":{"burner-mining-drill":1},"category":"crafting","energy":2},"cannon-shell":{"ingredients":{"steel-plate":2,"plastic-bar":2,"explosives":1},"products":{"cannon-shell":1},"category":"crafting","energy":8},"car":{"ingredients":{"iron-plate":20,"steel-plate":5,"engine-unit":8},"products":{"car":1},"category":"crafting","energy":2},"cargo-wagon":{"ingredients":{"iron-plate":20,"steel-plate":20,"iron-gear-wheel":10},"products":{"cargo-wagon":1},"category":"crafting","energy":1},"centrifuge":{"ingredients":{"steel-plate":50,"iron-gear-wheel":100,"advanced-circuit":100,"concrete":100},"products":{"centrifuge":1},"category":"crafting","energy":4},"chemical-plant":{"ingredients":{"steel-plate":5,"iron-gear-wheel":5,"electronic-circuit":5,"pipe":5},"products":{"chemical-plant":1},"category":"crafting","energy":5},"chemical-science-pack":{"ingredients":{"sulfur":1,"advanced-circuit":3,"engine-unit":2},"products":{"chemical-science-pack":2},"category":"crafting","energy":24},"cliff-explosives":{"ingredients":{"explosives":10,"empty-barrel":1,"grenade":1},"products":{"cliff-explosives":1},"category":"crafting","energy":8},"cluster-grenade":{"ingredients":{"steel-plate":5,"explosives":5,"grenade":7},"products":{"cluster-grenade":1},"category":"crafting","energy":8},"combat-shotgun":{"ingredients":{"wood":10,"copper-plate":10,"steel-plate":15,"iron-gear-wheel":5},"products":{"combat-shotgun":1},"category":"crafting","energy":10},"concrete":{"ingredients":{"iron-ore":1,"stone-brick":5,"water":100},"products":{"concrete":10},"category":"crafting-with-fluid","energy":10},"constant-combinator":{"ingredients":{"copper-cable":5,"electronic-circuit":2},"products":{"constant-combinator":1},"category":"crafting","energy":0.5},"construction-robot":{"ingredients":{"electronic-circuit":2,"flying-robot-frame":1},"products":{"construction-robot":1},"category":"crafting","energy":0.5},"copper-cable":{"ingredients":{"copper-plate":1},"products":{"copper-cable":2},"category":"crafting","energy":0.5},"copper-plate":{"ingredients":{"copper-ore":1},"products":{"copper-plate":1},"category":"smelting","energy":3.20000000000000017763568394002504646778106689453125},"decider-combinator":{"ingredients":{"copper-cable":5,"electronic-circuit":5},"products":{"decider-combinator":1},"category":"crafting","energy":0.5},"defender-capsule":{"ingredients":{"iron-gear-wheel":3,"electronic-circuit":3,"piercing-rounds-magazine":3},"products":{"defender-capsule":1},"category":"crafting","energy":8},"destroyer-capsule":{"ingredients":{"speed-module":1,"distractor-capsule":4},"products":{"destroyer-capsule":1},"category":"crafting","energy":15},"discharge-defense-equipment":{"ingredients":{"steel-plate":20,"processing-unit":5,"laser-turret":10},"products":{"discharge-defense-equipment":1},"category":"crafting","energy":10},"discharge-defense-remote":{"ingredients":{"electronic-circuit":1},"products":{"discharge-defense-remote":1},"category":"crafting","energy":0.5},"distractor-capsule":{"ingredients":{"advanced-circuit":3,"defender-capsule":4},"products":{"distractor-capsule":1},"category":"crafting","energy":15},"effectivity-module":{"ingredients":{"electronic-circuit":5,"advanced-circuit":5},"products":{"effectivity-module":1},"category":"crafting","energy":15},"effectivity-module-2":{"ingredients":{"advanced-circuit":5,"processing-unit":5,"effectivity-module":4},"products":{"effectivity-module-2":1},"category":"crafting","energy":30},"effectivity-module-3":{"ingredients":{"advanced-circuit":5,"processing-unit":5,"effectivity-module-2":5},"products":{"effectivity-module-3":1},"category":"crafting","energy":60},"electric-engine-unit":{"ingredients":{"electronic-circuit":2,"engine-unit":1,"lubricant":15},"products":{"electric-engine-unit":1},"category":"crafting-with-fluid","energy":10},"electric-furnace":{"ingredients":{"steel-plate":10,"advanced-circuit":5,"stone-brick":10},"products":{"electric-furnace":1},"category":"crafting","energy":5},"electric-mining-drill":{"ingredients":{"iron-plate":10,"iron-gear-wheel":5,"electronic-circuit":3},"products":{"electric-mining-drill":1},"category":"crafting","energy":2},"electronic-circuit":{"ingredients":{"iron-plate":1,"copper-cable":3},"products":{"electronic-circuit":1},"category":"crafting","energy":0.5},"empty-barrel":{"ingredients":{"steel-plate":1},"products":{"empty-barrel":1},"category":"crafting","energy":1},"energy-shield-equipment":{"ingredients":{"steel-plate":10,"advanced-circuit":5},"products":{"energy-shield-equipment":1},"category":"crafting","energy":10},"energy-shield-mk2-equipment":{"ingredients":{"processing-unit":5,"low-density-structure":5,"energy-shield-equipment":10},"products":{"energy-shield-mk2-equipment":1},"category":"crafting","energy":10},"engine-unit":{"ingredients":{"steel-plate":1,"iron-gear-wheel":1,"pipe":2},"products":{"engine-unit":1},"category":"advanced-crafting","energy":10},"exoskeleton-equipment":{"ingredients":{"steel-plate":20,"processing-unit":10,"electric-engine-unit":30},"products":{"exoskeleton-equipment":1},"category":"crafting","energy":10},"explosive-cannon-shell":{"ingredients":{"steel-plate":2,"plastic-bar":2,"explosives":2},"products":{"explosive-cannon-shell":1},"category":"crafting","energy":8},"explosive-rocket":{"ingredients":{"explosives":2,"rocket":1},"products":{"explosive-rocket":1},"category":"crafting","energy":8},"explosive-uranium-cannon-shell":{"ingredients":{"uranium-238":1,"explosive-cannon-shell":1},"products":{"explosive-uranium-cannon-shell":1},"category":"crafting","energy":12},"explosives":{"ingredients":{"coal":1,"sulfur":1,"water":10},"products":{"explosives":2},"category":"chemistry","energy":4},"express-splitter":{"ingredients":{"iron-gear-wheel":10,"advanced-circuit":10,"fast-splitter":1,"lubricant":80},"products":{"express-splitter":1},"category":"crafting-with-fluid","energy":2},"express-transport-belt":{"ingredients":{"iron-gear-wheel":10,"fast-transport-belt":1,"lubricant":20},"products":{"express-transport-belt":1},"category":"crafting-with-fluid","energy":0.5},"express-underground-belt":{"ingredients":{"iron-gear-wheel":80,"fast-underground-belt":2,"lubricant":40},"products":{"express-underground-belt":2},"category":"crafting-with-fluid","energy":2},"fast-inserter":{"ingredients":{"iron-plate":2,"electronic-circuit":2,"inserter":1},"products":{"fast-inserter":1},"category":"crafting","energy":0.5},"fast-splitter":{"ingredients":{"iron-gear-wheel":10,"electronic-circuit":10,"splitter":1},"products":{"fast-splitter":1},"category":"crafting","energy":2},"fast-transport-belt":{"ingredients":{"iron-gear-wheel":5,"transport-belt":1},"products":{"fast-transport-belt":1},"category":"crafting","energy":0.5},"fast-underground-belt":{"ingredients":{"iron-gear-wheel":40,"underground-belt":2},"products":{"fast-underground-belt":2},"category":"crafting","energy":2},"filter-inserter":{"ingredients":{"electronic-circuit":4,"fast-inserter":1},"products":{"filter-inserter":1},"category":"crafting","energy":0.5},"firearm-magazine":{"ingredients":{"iron-plate":4},"products":{"firearm-magazine":1},"category":"crafting","energy":1},"flamethrower":{"ingredients":{"steel-plate":5,"iron-gear-wheel":10},"products":{"flamethrower":1},"category":"crafting","energy":10},"flamethrower-ammo":{"ingredients":{"steel-plate":5,"crude-oil":100},"products":{"flamethrower-ammo":1},"category":"chemistry","energy":6},"flamethrower-turret":{"ingredients":{"steel-plate":30,"iron-gear-wheel":15,"engine-unit":5,"pipe":10},"products":{"flamethrower-turret":1},"category":"crafting","energy":20},"fluid-wagon":{"ingredients":{"steel-plate":16,"iron-gear-wheel":10,"storage-tank":1,"pipe":8},"products":{"fluid-wagon":1},"category":"crafting","energy":1.5},"flying-robot-frame":{"ingredients":{"steel-plate":1,"battery":2,"electronic-circuit":3,"electric-engine-unit":1},"products":{"flying-robot-frame":1},"category":"crafting","energy":20},"fusion-reactor-equipment":{"ingredients":{"processing-unit":200,"low-density-structure":50},"products":{"fusion-reactor-equipment":1},"category":"crafting","energy":10},"gate":{"ingredients":{"steel-plate":2,"electronic-circuit":2,"stone-wall":1},"products":{"gate":1},"category":"crafting","energy":0.5},"green-wire":{"ingredients":{"copper-cable":1,"electronic-circuit":1},"products":{"green-wire":1},"category":"crafting","energy":0.5},"grenade":{"ingredients":{"coal":10,"iron-plate":5},"products":{"grenade":1},"category":"crafting","energy":8},"gun-turret":{"ingredients":{"iron-plate":20,"copper-plate":10,"iron-gear-wheel":10},"products":{"gun-turret":1},"category":"crafting","energy":8},"hazard-concrete":{"ingredients":{"concrete":10},"products":{"hazard-concrete":10},"category":"crafting","energy":0.25},"heat-exchanger":{"ingredients":{"copper-plate":100,"steel-plate":10,"pipe":10},"products":{"heat-exchanger":1},"category":"crafting","energy":3},"heat-pipe":{"ingredients":{"copper-plate":20,"steel-plate":10},"products":{"heat-pipe":1},"category":"crafting","energy":1},"heavy-armor":{"ingredients":{"copper-plate":100,"steel-plate":50},"products":{"heavy-armor":1},"category":"crafting","energy":8},"inserter":{"ingredients":{"iron-plate":1,"iron-gear-wheel":1,"electronic-circuit":1},"products":{"inserter":1},"category":"crafting","energy":0.5},"iron-chest":{"ingredients":{"iron-plate":8},"products":{"iron-chest":1},"category":"crafting","energy":0.5},"iron-gear-wheel":{"ingredients":{"iron-plate":2},"products":{"iron-gear-wheel":1},"category":"crafting","energy":0.5},"iron-plate":{"ingredients":{"iron-ore":1},"products":{"iron-plate":1},"category":"smelting","energy":3.20000000000000017763568394002504646778106689453125},"iron-stick":{"ingredients":{"iron-plate":1},"products":{"iron-stick":2},"category":"crafting","energy":0.5},"lab":{"ingredients":{"iron-gear-wheel":10,"electronic-circuit":10,"transport-belt":4},"products":{"lab":1},"category":"crafting","energy":2},"land-mine":{"ingredients":{"steel-plate":1,"explosives":2},"products":{"land-mine":4},"category":"crafting","energy":5},"landfill":{"ingredients":{"stone":20},"products":{"landfill":1},"category":"crafting","energy":0.5},"laser-turret":{"ingredients":{"steel-plate":20,"battery":12,"electronic-circuit":20},"products":{"laser-turret":1},"category":"crafting","energy":20},"light-armor":{"ingredients":{"iron-plate":40},"products":{"light-armor":1},"category":"crafting","energy":3},"locomotive":{"ingredients":{"steel-plate":30,"electronic-circuit":10,"engine-unit":20},"products":{"locomotive":1},"category":"crafting","energy":4},"logistic-chest-active-provider":{"ingredients":{"electronic-circuit":3,"advanced-circuit":1,"steel-chest":1},"products":{"logistic-chest-active-provider":1},"category":"crafting","energy":0.5},"logistic-chest-buffer":{"ingredients":{"electronic-circuit":3,"advanced-circuit":1,"steel-chest":1},"products":{"logistic-chest-buffer":1},"category":"crafting","energy":0.5},"logistic-chest-passive-provider":{"ingredients":{"electronic-circuit":3,"advanced-circuit":1,"steel-chest":1},"products":{"logistic-chest-passive-provider":1},"category":"crafting","energy":0.5},"logistic-chest-requester":{"ingredients":{"electronic-circuit":3,"advanced-circuit":1,"steel-chest":1},"products":{"logistic-chest-requester":1},"category":"crafting","energy":0.5},"logistic-chest-storage":{"ingredients":{"electronic-circuit":3,"advanced-circuit":1,"steel-chest":1},"products":{"logistic-chest-storage":1},"category":"crafting","energy":0.5},"logistic-robot":{"ingredients":{"advanced-circuit":2,"flying-robot-frame":1},"products":{"logistic-robot":1},"category":"crafting","energy":0.5},"logistic-science-pack":{"ingredients":{"transport-belt":1,"inserter":1},"products":{"logistic-science-pack":1},"category":"crafting","energy":6},"long-handed-inserter":{"ingredients":{"iron-plate":1,"iron-gear-wheel":1,"inserter":1},"products":{"long-handed-inserter":1},"category":"crafting","energy":0.5},"low-density-structure":{"ingredients":{"copper-plate":20,"steel-plate":2,"plastic-bar":5},"products":{"low-density-structure":1},"category":"crafting","energy":20},"lubricant":{"ingredients":{"heavy-oil":10},"products":{"lubricant":10},"category":"chemistry","energy":1},"medium-electric-pole":{"ingredients":{"copper-plate":2,"steel-plate":2,"iron-stick":4},"products":{"medium-electric-pole":1},"category":"crafting","energy":0.5},"military-science-pack":{"ingredients":{"piercing-rounds-magazine":1,"grenade":1,"stone-wall":2},"products":{"military-science-pack":2},"category":"crafting","energy":10},"modular-armor":{"ingredients":{"steel-plate":50,"advanced-circuit":30},"products":{"modular-armor":1},"category":"crafting","energy":15},"night-vision-equipment":{"ingredients":{"steel-plate":10,"advanced-circuit":5},"products":{"night-vision-equipment":1},"category":"crafting","energy":10},"nuclear-fuel":{"ingredients":{"rocket-fuel":1,"uranium-235":1},"products":{"nuclear-fuel":1},"category":"centrifuging","energy":90},"nuclear-reactor":{"ingredients":{"copper-plate":500,"steel-plate":500,"advanced-circuit":500,"concrete":500},"products":{"nuclear-reactor":1},"category":"crafting","energy":8},"offshore-pump":{"ingredients":{"iron-gear-wheel":1,"electronic-circuit":2,"pipe":1},"products":{"offshore-pump":1},"category":"crafting","energy":0.5},"oil-refinery":{"ingredients":{"steel-plate":15,"iron-gear-wheel":10,"electronic-circuit":10,"pipe":10,"stone-brick":10},"products":{"oil-refinery":1},"category":"crafting","energy":8},"personal-laser-defense-equipment":{"ingredients":{"processing-unit":20,"low-density-structure":5,"laser-turret":5},"products":{"personal-laser-defense-equipment":1},"category":"crafting","energy":10},"personal-roboport-equipment":{"ingredients":{"steel-plate":20,"battery":45,"iron-gear-wheel":40,"advanced-circuit":10},"products":{"personal-roboport-equipment":1},"category":"crafting","energy":10},"personal-roboport-mk2-equipment":{"ingredients":{"processing-unit":100,"low-density-structure":20,"personal-roboport-equipment":5},"products":{"personal-roboport-mk2-equipment":1},"category":"crafting","energy":20},"piercing-rounds-magazine":{"ingredients":{"copper-plate":5,"steel-plate":1,"firearm-magazine":1},"products":{"piercing-rounds-magazine":1},"category":"crafting","energy":3},"piercing-shotgun-shell":{"ingredients":{"copper-plate":5,"steel-plate":2,"shotgun-shell":2},"products":{"piercing-shotgun-shell":1},"category":"crafting","energy":8},"pipe":{"ingredients":{"iron-plate":1},"products":{"pipe":1},"category":"crafting","energy":0.5},"pipe-to-ground":{"ingredients":{"iron-plate":5,"pipe":10},"products":{"pipe-to-ground":2},"category":"crafting","energy":0.5},"pistol":{"ingredients":{"iron-plate":5,"copper-plate":5},"products":{"pistol":1},"category":"crafting","energy":5},"plastic-bar":{"ingredients":{"coal":1,"petroleum-gas":20},"products":{"plastic-bar":2},"category":"chemistry","energy":1},"poison-capsule":{"ingredients":{"coal":10,"steel-plate":3,"electronic-circuit":3},"products":{"poison-capsule":1},"category":"crafting","energy":8},"power-armor":{"ingredients":{"steel-plate":40,"processing-unit":40,"electric-engine-unit":20},"products":{"power-armor":1},"category":"crafting","energy":20},"power-armor-mk2":{"ingredients":{"processing-unit":60,"electric-engine-unit":40,"low-density-structure":30,"speed-module-2":25,"effectivity-module-2":25},"products":{"power-armor-mk2":1},"category":"crafting","energy":25},"power-switch":{"ingredients":{"iron-plate":5,"copper-cable":5,"electronic-circuit":2},"products":{"power-switch":1},"category":"crafting","energy":2},"processing-unit":{"ingredients":{"electronic-circuit":20,"advanced-circuit":2,"sulfuric-acid":5},"products":{"processing-unit":1},"category":"crafting-with-fluid","energy":10},"production-science-pack":{"ingredients":{"rail":30,"electric-furnace":1,"productivity-module":1},"products":{"production-science-pack":3},"category":"crafting","energy":21},"productivity-module":{"ingredients":{"electronic-circuit":5,"advanced-circuit":5},"products":{"productivity-module":1},"category":"crafting","energy":15},"productivity-module-2":{"ingredients":{"advanced-circuit":5,"processing-unit":5,"productivity-module":4},"products":{"productivity-module-2":1},"category":"crafting","energy":30},"productivity-module-3":{"ingredients":{"advanced-circuit":5,"processing-unit":5,"productivity-module-2":5},"products":{"productivity-module-3":1},"category":"crafting","energy":60},"programmable-speaker":{"ingredients":{"iron-plate":3,"copper-cable":5,"iron-stick":4,"electronic-circuit":4},"products":{"programmable-speaker":1},"category":"crafting","energy":2},"pump":{"ingredients":{"steel-plate":1,"engine-unit":1,"pipe":1},"products":{"pump":1},"category":"crafting","energy":2},"pumpjack":{"ingredients":{"steel-plate":5,"iron-gear-wheel":10,"electronic-circuit":5,"pipe":10},"products":{"pumpjack":1},"category":"crafting","energy":5},"radar":{"ingredients":{"iron-plate":10,"iron-gear-wheel":5,"electronic-circuit":5},"products":{"radar":1},"category":"crafting","energy":0.5},"rail":{"ingredients":{"stone":1,"steel-plate":1,"iron-stick":1},"products":{"rail":2},"category":"crafting","energy":0.5},"rail-chain-signal":{"ingredients":{"iron-plate":5,"electronic-circuit":1},"products":{"rail-chain-signal":1},"category":"crafting","energy":0.5},"rail-signal":{"ingredients":{"iron-plate":5,"electronic-circuit":1},"products":{"rail-signal":1},"category":"crafting","energy":0.5},"red-wire":{"ingredients":{"copper-cable":1,"electronic-circuit":1},"products":{"red-wire":1},"category":"crafting","energy":0.5},"refined-concrete":{"ingredients":{"steel-plate":1,"iron-stick":8,"concrete":20,"water":100},"products":{"refined-concrete":10},"category":"crafting-with-fluid","energy":15},"refined-hazard-concrete":{"ingredients":{"refined-concrete":10},"products":{"refined-hazard-concrete":10},"category":"crafting","energy":0.25},"repair-pack":{"ingredients":{"iron-gear-wheel":2,"electronic-circuit":2},"products":{"repair-pack":1},"category":"crafting","energy":0.5},"roboport":{"ingredients":{"steel-plate":45,"iron-gear-wheel":45,"advanced-circuit":45},"products":{"roboport":1},"category":"crafting","energy":5},"rocket":{"ingredients":{"iron-plate":2,"explosives":1,"electronic-circuit":1},"products":{"rocket":1},"category":"crafting","energy":8},"rocket-control-unit":{"ingredients":{"processing-unit":1,"speed-module":1},"products":{"rocket-control-unit":1},"category":"crafting","energy":30},"rocket-fuel":{"ingredients":{"solid-fuel":10,"light-oil":10},"products":{"rocket-fuel":1},"category":"crafting-with-fluid","energy":30},"rocket-launcher":{"ingredients":{"iron-plate":5,"iron-gear-wheel":5,"electronic-circuit":5},"products":{"rocket-launcher":1},"category":"crafting","energy":10},"rocket-part":{"ingredients":{"rocket-control-unit":10,"low-density-structure":10,"rocket-fuel":10},"products":{"rocket-part":1},"category":"rocket-building","energy":3},"rocket-silo":{"ingredients":{"steel-plate":1000,"processing-unit":200,"electric-engine-unit":200,"pipe":100,"concrete":1000},"products":{"rocket-silo":1},"category":"crafting","energy":30},"satellite":{"ingredients":{"processing-unit":100,"low-density-structure":100,"rocket-fuel":50,"solar-panel":100,"accumulator":100,"radar":5},"products":{"satellite":1},"category":"crafting","energy":5},"shotgun":{"ingredients":{"wood":5,"iron-plate":15,"copper-plate":10,"iron-gear-wheel":5},"products":{"shotgun":1},"category":"crafting","energy":10},"shotgun-shell":{"ingredients":{"iron-plate":2,"copper-plate":2},"products":{"shotgun-shell":1},"category":"crafting","energy":3},"slowdown-capsule":{"ingredients":{"coal":5,"steel-plate":2,"electronic-circuit":2},"products":{"slowdown-capsule":1},"category":"crafting","energy":8},"small-electric-pole":{"ingredients":{"wood":1,"copper-cable":2},"products":{"small-electric-pole":2},"category":"crafting","energy":0.5},"small-lamp":{"ingredients":{"iron-plate":1,"copper-cable":3,"electronic-circuit":1},"products":{"small-lamp":1},"category":"crafting","energy":0.5},"solar-panel":{"ingredients":{"copper-plate":5,"steel-plate":5,"electronic-circuit":15},"products":{"solar-panel":1},"category":"crafting","energy":10},"solar-panel-equipment":{"ingredients":{"steel-plate":5,"advanced-circuit":2,"solar-panel":1},"products":{"solar-panel-equipment":1},"category":"crafting","energy":10},"speed-module":{"ingredients":{"electronic-circuit":5,"advanced-circuit":5},"products":{"speed-module":1},"category":"crafting","energy":15},"speed-module-2":{"ingredients":{"advanced-circuit":5,"processing-unit":5,"speed-module":4},"products":{"speed-module-2":1},"category":"crafting","energy":30},"speed-module-3":{"ingredients":{"advanced-circuit":5,"processing-unit":5,"speed-module-2":5},"products":{"speed-module-3":1},"category":"crafting","energy":60},"spidertron":{"ingredients":{"raw-fish":1,"rocket-control-unit":16,"low-density-structure":150,"effectivity-module-3":2,"rocket-launcher":4,"fusion-reactor-equipment":2,"exoskeleton-equipment":4,"radar":2},"products":{"spidertron":1},"category":"crafting","energy":10},"spidertron-remote":{"ingredients":{"rocket-control-unit":1,"radar":1},"products":{"spidertron-remote":1},"category":"crafting","energy":0.5},"splitter":{"ingredients":{"iron-plate":5,"electronic-circuit":5,"transport-belt":4},"products":{"splitter":1},"category":"crafting","energy":1},"stack-filter-inserter":{"ingredients":{"electronic-circuit":5,"stack-inserter":1},"products":{"stack-filter-inserter":1},"category":"crafting","energy":0.5},"stack-inserter":{"ingredients":{"iron-gear-wheel":15,"electronic-circuit":15,"advanced-circuit":1,"fast-inserter":1},"products":{"stack-inserter":1},"category":"crafting","energy":0.5},"steam-engine":{"ingredients":{"iron-plate":10,"iron-gear-wheel":8,"pipe":5},"products":{"steam-engine":1},"category":"crafting","energy":0.5},"steam-turbine":{"ingredients":{"copper-plate":50,"iron-gear-wheel":50,"pipe":20},"products":{"steam-turbine":1},"category":"crafting","energy":3},"steel-chest":{"ingredients":{"steel-plate":8},"products":{"steel-chest":1},"category":"crafting","energy":0.5},"steel-furnace":{"ingredients":{"steel-plate":6,"stone-brick":10},"products":{"steel-furnace":1},"category":"crafting","energy":3},"steel-plate":{"ingredients":{"iron-plate":5},"products":{"steel-plate":1},"category":"smelting","energy":16},"stone-brick":{"ingredients":{"stone":2},"products":{"stone-brick":1},"category":"smelting","energy":3.20000000000000017763568394002504646778106689453125},"stone-furnace":{"ingredients":{"stone":5},"products":{"stone-furnace":1},"category":"crafting","energy":0.5},"stone-wall":{"ingredients":{"stone-brick":5},"products":{"stone-wall":1},"category":"crafting","energy":0.5},"storage-tank":{"ingredients":{"iron-plate":20,"steel-plate":5},"products":{"storage-tank":1},"category":"crafting","energy":3},"submachine-gun":{"ingredients":{"iron-plate":10,"copper-plate":5,"iron-gear-wheel":10},"products":{"submachine-gun":1},"category":"crafting","energy":10},"substation":{"ingredients":{"copper-plate":5,"steel-plate":10,"advanced-circuit":5},"products":{"substation":1},"category":"crafting","energy":0.5},"sulfur":{"ingredients":{"water":30,"petroleum-gas":30},"products":{"sulfur":2},"category":"chemistry","energy":1},"sulfuric-acid":{"ingredients":{"iron-plate":1,"sulfur":5,"water":100},"products":{"sulfuric-acid":50},"category":"chemistry","energy":1},"tank":{"ingredients":{"steel-plate":50,"iron-gear-wheel":15,"advanced-circuit":10,"engine-unit":32},"products":{"tank":1},"category":"crafting","energy":5},"train-stop":{"ingredients":{"iron-plate":6,"steel-plate":3,"iron-stick":6,"electronic-circuit":5},"products":{"train-stop":1},"category":"crafting","energy":0.5},"transport-belt":{"ingredients":{"iron-plate":1,"iron-gear-wheel":1},"products":{"transport-belt":2},"category":"crafting","energy":0.5},"underground-belt":{"ingredients":{"iron-plate":10,"transport-belt":5},"products":{"underground-belt":2},"category":"crafting","energy":1},"uranium-cannon-shell":{"ingredients":{"uranium-238":1,"cannon-shell":1},"products":{"uranium-cannon-shell":1},"category":"crafting","energy":12},"uranium-fuel-cell":{"ingredients":{"iron-plate":10,"uranium-235":1,"uranium-238":19},"products":{"uranium-fuel-cell":10},"category":"crafting","energy":10},"uranium-rounds-magazine":{"ingredients":{"uranium-238":1,"piercing-rounds-magazine":1},"products":{"uranium-rounds-magazine":1},"category":"crafting","energy":10},"utility-science-pack":{"ingredients":{"processing-unit":2,"flying-robot-frame":1,"low-density-structure":3},"products":{"utility-science-pack":3},"category":"crafting","energy":21},"wooden-chest":{"ingredients":{"wood":2},"products":{"wooden-chest":1},"category":"crafting","energy":0.5},"basic-oil-processing":{"ingredients":{"crude-oil":100},"products":{"petroleum-gas":45},"category":"oil-processing","energy":5},"advanced-oil-processing":{"ingredients":{"water":50,"crude-oil":100},"products":{"heavy-oil":25,"light-oil":45,"petroleum-gas":55},"category":"oil-processing","energy":5},"coal-liquefaction":{"ingredients":{"coal":10,"heavy-oil":25,"steam":50},"products":{"heavy-oil":90,"light-oil":20,"petroleum-gas":10},"category":"oil-processing","energy":5},"fill-crude-oil-barrel":{"ingredients":{"empty-barrel":1,"crude-oil":50},"products":{"crude-oil-barrel":1},"category":"crafting-with-fluid","energy":0.2},"fill-heavy-oil-barrel":{"ingredients":{"empty-barrel":1,"heavy-oil":50},"products":{"heavy-oil-barrel":1},"category":"crafting-with-fluid","energy":0.2},"fill-light-oil-barrel":{"ingredients":{"empty-barrel":1,"light-oil":50},"products":{"light-oil-barrel":1},"category":"crafting-with-fluid","energy":0.2},"fill-lubricant-barrel":{"ingredients":{"empty-barrel":1,"lubricant":50},"products":{"lubricant-barrel":1},"category":"crafting-with-fluid","energy":0.2},"fill-petroleum-gas-barrel":{"ingredients":{"empty-barrel":1,"petroleum-gas":50},"products":{"petroleum-gas-barrel":1},"category":"crafting-with-fluid","energy":0.2},"fill-sulfuric-acid-barrel":{"ingredients":{"empty-barrel":1,"sulfuric-acid":50},"products":{"sulfuric-acid-barrel":1},"category":"crafting-with-fluid","energy":0.2},"fill-water-barrel":{"ingredients":{"empty-barrel":1,"water":50},"products":{"water-barrel":1},"category":"crafting-with-fluid","energy":0.2},"heavy-oil-cracking":{"ingredients":{"water":30,"heavy-oil":40},"products":{"light-oil":30},"category":"chemistry","energy":2},"light-oil-cracking":{"ingredients":{"water":30,"light-oil":30},"products":{"petroleum-gas":20},"category":"chemistry","energy":2},"solid-fuel-from-light-oil":{"ingredients":{"light-oil":10},"products":{"solid-fuel":1},"category":"chemistry","energy":2},"solid-fuel-from-petroleum-gas":{"ingredients":{"petroleum-gas":20},"products":{"solid-fuel":1},"category":"chemistry","energy":2},"solid-fuel-from-heavy-oil":{"ingredients":{"heavy-oil":20},"products":{"solid-fuel":1},"category":"chemistry","energy":2},"empty-crude-oil-barrel":{"ingredients":{"crude-oil-barrel":1},"products":{"empty-barrel":1,"crude-oil":50},"category":"crafting-with-fluid","energy":0.2},"empty-heavy-oil-barrel":{"ingredients":{"heavy-oil-barrel":1},"products":{"empty-barrel":1,"heavy-oil":50},"category":"crafting-with-fluid","energy":0.2},"empty-light-oil-barrel":{"ingredients":{"light-oil-barrel":1},"products":{"empty-barrel":1,"light-oil":50},"category":"crafting-with-fluid","energy":0.2},"empty-lubricant-barrel":{"ingredients":{"lubricant-barrel":1},"products":{"empty-barrel":1,"lubricant":50},"category":"crafting-with-fluid","energy":0.2},"empty-petroleum-gas-barrel":{"ingredients":{"petroleum-gas-barrel":1},"products":{"empty-barrel":1,"petroleum-gas":50},"category":"crafting-with-fluid","energy":0.2},"empty-sulfuric-acid-barrel":{"ingredients":{"sulfuric-acid-barrel":1},"products":{"empty-barrel":1,"sulfuric-acid":50},"category":"crafting-with-fluid","energy":0.2},"empty-water-barrel":{"ingredients":{"water-barrel":1},"products":{"empty-barrel":1,"water":50},"category":"crafting-with-fluid","energy":0.2},"uranium-processing":{"ingredients":{"uranium-ore":10},"products":{"uranium-235":1,"uranium-238":1},"category":"centrifuging","energy":12},"nuclear-fuel-reprocessing":{"ingredients":{"used-up-uranium-fuel-cell":5},"products":{"uranium-238":3},"category":"centrifuging","energy":60},"kovarex-enrichment-process":{"ingredients":{"uranium-235":40,"uranium-238":5},"products":{"uranium-235":41,"uranium-238":2},"category":"centrifuging","energy":60}}