{"iron-ore":{"minable":true,"infinite":false,"category":"basic-solid","mining_time":1,"products":{"iron-ore":{"name":"iron-ore","amount":1}}},"copper-ore":{"minable":true,"infinite":false,"category":"basic-solid","mining_time":1,"products":{"copper-ore":{"name":"copper-ore","amount":1}}},"stone":{"minable":true,"infinite":false,"category":"basic-solid","mining_time":1,"products":{"stone":{"name":"stone","amount":1}}},"coal":{"minable":true,"infinite":false,"category":"basic-solid","mining_time":1,"products":{"coal":{"name":"coal","amount":1}}},"uranium-ore":{"minable":true,"infinite":false,"category":"basic-solid","mining_time":2,"required_fluid":"sulfuric-acid","fluid_amount":10,"products":{"uranium-ore":{"name":"uranium-ore","amount":1}}},"crude-oil":{"minable":true,"infinite":true,"infinite_depletion":10,"category":"basic-fluid","mining_time":1,"products":{"crude-oil":{"name":"crude-oil","amount":10}}}}