{"automation":{"unlocks":["assembling-machine-1","long-handed-inserter"],"requires":{},"ingredients":["automation-science-pack"],"has_modifier":false},"automation-2":{"unlocks":["assembling-machine-2"],"requires":["electronics","steel-processing","logistic-science-pack"],"ingredients":["automation-science-pack","logistic-science-pack"],"has_modifier":false},"automation-3":{"unlocks":["assembling-machine-3"],"requires":["speed-module","production-science-pack"],"ingredients":["automation-science-pack","logistic-science-pack","chemical-science-pack","production-science-pack"],"has_modifier":false},"electronics":{"unlocks":{},"requires":["automation"],"ingredients":["automation-science-pack"],"has_modifier":false},"fast-inserter":{"unlocks":["fast-inserter","filter-inserter"],"requires":["electronics"],"ingredients":["automation-science-pack"],"has_modifier":false},"advanced-electronics":{"unlocks":["advanced-circuit"],"requires":["plastics"],"ingredients":["automation-science-pack","logistic-science-pack"],"has_modifier":false},"advanced-electronics-2":{"unlocks":["processing-unit"],"requires":["chemical-science-pack"],"ingredients":["automation-science-pack","logistic-science-pack","chemical-science-pack"],"has_modifier":false},"circuit-network":{"unlocks":["red-wire","green-wire","arithmetic-combinator","decider-combinator","constant-combinator","power-switch","programmable-speaker"],"requires":["electronics","logistic-science-pack"],"ingredients":["automation-science-pack","logistic-science-pack"],"has_modifier":false},"explosives":{"unlocks":["explosives"],"requires":["sulfur-processing"],"ingredients":["automation-science-pack","logistic-science-pack"],"has_modifier":false},"logistics":{"unlocks":["underground-belt","splitter"],"requires":{},"ingredients":["automation-science-pack"],"has_modifier":false},"logistics-2":{"unlocks":["fast-transport-belt","fast-underground-belt","fast-splitter"],"requires":["logistics","logistic-science-pack"],"ingredients":["automation-science-pack","logistic-science-pack"],"has_modifier":false},"logistics-3":{"unlocks":["express-transport-belt","express-underground-belt","express-splitter"],"requires":["production-science-pack","lubricant"],"ingredients":["automation-science-pack","logistic-science-pack","chemical-science-pack","production-science-pack"],"has_modifier":false},"optics":{"unlocks":["small-lamp"],"requires":{},"ingredients":["automation-science-pack"],"has_modifier":false},"laser":{"unlocks":{},"requires":["optics","battery","chemical-science-pack"],"ingredients":["automation-science-pack","logistic-science-pack","chemical-science-pack"],"has_modifier":false},"solar-energy":{"unlocks":["solar-panel"],"requires":["optics","electronics","steel-processing","logistic-science-pack"],"ingredients":["automation-science-pack","logistic-science-pack"],"has_modifier":false},"gun-turret":{"unlocks":["gun-turret"],"requires":{},"ingredients":["automation-science-pack"],"has_modifier":false},"laser-turret":{"unlocks":["laser-turret"],"requires":["laser","military-science-pack"],"ingredients":["automation-science-pack","logistic-science-pack","military-science-pack","chemical-science-pack"],"has_modifier":false},"stone-wall":{"unlocks":["stone-wall"],"requires":{},"ingredients":["automation-science-pack"],"has_modifier":false},"gate":{"unlocks":["gate"],"requires":["stone-wall","military-2"],"ingredients":["automation-science-pack","logistic-science-pack"],"has_modifier":false},"engine":{"unlocks":["engine-unit"],"requires":["steel-processing","logistic-science-pack"],"ingredients":["automation-science-pack","logistic-science-pack"],"has_modifier":false},"electric-engine":{"unlocks":["electric-engine-unit"],"requires":["lubricant"],"ingredients":["automation-science-pack","logistic-science-pack","chemical-science-pack"],"has_modifier":false},"lubricant":{"unlocks":["lubricant"],"requires":["advanced-oil-processing"],"ingredients":["automation-science-pack","logistic-science-pack","chemical-science-pack"],"has_modifier":false},"battery":{"unlocks":["battery"],"requires":["sulfur-processing"],"ingredients":["automation-science-pack","logistic-science-pack"],"has_modifier":false},"landfill":{"unlocks":["landfill"],"requires":["logistic-science-pack"],"ingredients":["automation-science-pack","logistic-science-pack"],"has_modifier":false},"braking-force-1":{"unlocks":{},"requires":["railway","chemical-science-pack"],"ingredients":["automation-science-pack","logistic-science-pack","chemical-science-pack"],"has_modifier":true},"braking-force-2":{"unlocks":{},"requires":["braking-force-1"],"ingredients":["automation-science-pack","logistic-science-pack","chemical-science-pack"],"has_modifier":true},"braking-force-3":{"unlocks":{},"requires":["braking-force-2"],"ingredients":["automation-science-pack","logistic-science-pack","chemical-science-pack","production-science-pack"],"has_modifier":true},"braking-force-4":{"unlocks":{},"requires":["braking-force-3"],"ingredients":["automation-science-pack","logistic-science-pack","chemical-science-pack","production-science-pack"],"has_modifier":true},"braking-force-5":{"unlocks":{},"requires":["braking-force-4"],"ingredients":["automation-science-pack","logistic-science-pack","chemical-science-pack","production-science-pack"],"has_modifier":true},"braking-force-6":{"unlocks":{},"requires":["braking-force-5"],"ingredients":["automation-science-pack","logistic-science-pack","chemical-science-pack","production-science-pack","utility-science-pack"],"has_modifier":true},"braking-force-7":{"unlocks":{},"requires":["braking-force-6"],"ingredients":["automation-science-pack","logistic-science-pack","chemical-science-pack","production-science-pack","utility-science-pack"],"has_modifier":true},"chemical-science-pack":{"unlocks":["chemical-science-pack"],"requires":["advanced-electronics","sulfur-processing"],"ingredients":["automation-science-pack","logistic-science-pack"],"has_modifier":false},"logistic-science-pack":{"unlocks":["logistic-science-pack"],"requires":{},"ingredients":["automation-science-pack"],"has_modifier":false},"military-science-pack":{"unlocks":["military-science-pack"],"requires":["military-2","stone-wall"],"ingredients":["automation-science-pack","logistic-science-pack"],"has_modifier":false},"production-science-pack":{"unlocks":["production-science-pack"],"requires":["productivity-module","advanced-material-processing-2","railway"],"ingredients":["automation-science-pack","logistic-science-pack","chemical-science-pack"],"has_modifier":false},"space-science-pack":{"unlocks":["satellite"],"requires":["rocket-silo","electric-energy-accumulators","solar-energy"],"ingredients":["automation-science-pack","logistic-science-pack","chemical-science-pack","production-science-pack","utility-science-pack"],"has_modifier":false},"steel-processing":{"unlocks":["steel-plate","steel-chest"],"requires":{},"ingredients":["automation-science-pack"],"has_modifier":false},"utility-science-pack":{"unlocks":["utility-science-pack"],"requires":["robotics","advanced-electronics-2","low-density-structure"],"ingredients":["automation-science-pack","logistic-science-pack","chemical-science-pack"],"has_modifier":false},"advanced-material-processing":{"unlocks":["steel-furnace"],"requires":["steel-processing","logistic-science-pack"],"ingredients":["automation-science-pack","logistic-science-pack"],"has_modifier":false},"steel-axe":{"unlocks":{},"requires":["steel-processing"],"ingredients":["automation-science-pack"],"has_modifier":true},"advanced-material-processing-2":{"unlocks":["electric-furnace"],"requires":["advanced-material-processing","chemical-science-pack"],"ingredients":["automation-science-pack","logistic-science-pack","chemical-science-pack"],"has_modifier":false},"concrete":{"unlocks":["concrete","hazard-concrete","refined-concrete","refined-hazard-concrete"],"requires":["advanced-material-processing","automation-2"],"ingredients":["automation-science-pack","logistic-science-pack"],"has_modifier":false},"electric-energy-accumulators":{"unlocks":["accumulator"],"requires":["electric-energy-distribution-1","battery"],"ingredients":["automation-science-pack","logistic-science-pack"],"has_modifier":false},"electric-energy-distribution-1":{"unlocks":["medium-electric-pole","big-electric-pole"],"requires":["electronics","steel-processing","logistic-science-pack"],"ingredients":["automation-science-pack","logistic-science-pack"],"has_modifier":false},"electric-energy-distribution-2":{"unlocks":["substation"],"requires":["electric-energy-distribution-1","chemical-science-pack"],"ingredients":["automation-science-pack","logistic-science-pack","chemical-science-pack"],"has_modifier":false},"railway":{"unlocks":["rail","locomotive","cargo-wagon"],"requires":["logistics-2","engine"],"ingredients":["automation-science-pack","logistic-science-pack"],"has_modifier":false},"fluid-wagon":{"unlocks":["fluid-wagon"],"requires":["railway","fluid-handling"],"ingredients":["automation-science-pack","logistic-science-pack"],"has_modifier":false},"automated-rail-transportation":{"unlocks":["train-stop"],"requires":["railway"],"ingredients":["automation-science-pack","logistic-science-pack"],"has_modifier":false},"rail-signals":{"unlocks":["rail-signal","rail-chain-signal"],"requires":["automated-rail-transportation"],"ingredients":["automation-science-pack","logistic-science-pack"],"has_modifier":false},"robotics":{"unlocks":["flying-robot-frame"],"requires":["electric-engine","battery"],"ingredients":["automation-science-pack","logistic-science-pack","chemical-science-pack"],"has_modifier":false},"construction-robotics":{"unlocks":["roboport","logistic-chest-passive-provider","logistic-chest-storage","construction-robot"],"requires":["robotics"],"ingredients":["automation-science-pack","logistic-science-pack","chemical-science-pack"],"has_modifier":true},"logistic-robotics":{"unlocks":["roboport","logistic-chest-passive-provider","logistic-chest-storage","logistic-robot"],"requires":["robotics"],"ingredients":["automation-science-pack","logistic-science-pack","chemical-science-pack"],"has_modifier":true},"logistic-system":{"unlocks":["logistic-chest-active-provider","logistic-chest-requester","logistic-chest-buffer"],"requires":["utility-science-pack","logistic-robotics"],"ingredients":["automation-science-pack","logistic-science-pack","chemical-science-pack","utility-science-pack"],"has_modifier":false},"personal-roboport-equipment":{"unlocks":["personal-roboport-equipment"],"requires":["construction-robotics","solar-panel-equipment"],"ingredients":["automation-science-pack","logistic-science-pack","chemical-science-pack"],"has_modifier":false},"personal-roboport-mk2-equipment":{"unlocks":["personal-roboport-mk2-equipment"],"requires":["personal-roboport-equipment","utility-science-pack"],"ingredients":["automation-science-pack","logistic-science-pack","chemical-science-pack","utility-science-pack"],"has_modifier":false},"worker-robots-speed-1":{"unlocks":{},"requires":["robotics"],"ingredients":["automation-science-pack","logistic-science-pack","chemical-science-pack"],"has_modifier":true},"worker-robots-speed-2":{"unlocks":{},"requires":["worker-robots-speed-1"],"ingredients":["automation-science-pack","logistic-science-pack","chemical-science-pack"],"has_modifier":true},"worker-robots-speed-3":{"unlocks":{},"requires":["worker-robots-speed-2"],"ingredients":["automation-science-pack","logistic-science-pack","chemical-science-pack","utility-science-pack"],"has_modifier":true},"worker-robots-speed-4":{"unlocks":{},"requires":["worker-robots-speed-3"],"ingredients":["automation-science-pack","logistic-science-pack","chemical-science-pack","utility-science-pack"],"has_modifier":true},"mining-productivity-1":{"unlocks":{},"requires":["advanced-electronics"],"ingredients":["automation-science-pack","logistic-science-pack"],"has_modifier":true},"mining-productivity-2":{"unlocks":{},"requires":["mining-productivity-1"],"ingredients":["automation-science-pack","logistic-science-pack","chemical-science-pack"],"has_modifier":true},"mining-productivity-3":{"unlocks":{},"requires":["mining-productivity-2"],"ingredients":["automation-science-pack","logistic-science-pack","chemical-science-pack","production-science-pack","utility-science-pack"],"has_modifier":true},"worker-robots-speed-5":{"unlocks":{},"requires":["worker-robots-speed-4"],"ingredients":["automation-science-pack","logistic-science-pack","chemical-science-pack","production-science-pack","utility-science-pack"],"has_modifier":true},"worker-robots-storage-1":{"unlocks":{},"requires":["robotics"],"ingredients":["automation-science-pack","logistic-science-pack","chemical-science-pack"],"has_modifier":true},"worker-robots-storage-2":{"unlocks":{},"requires":["worker-robots-storage-1"],"ingredients":["automation-science-pack","logistic-science-pack","chemical-science-pack","production-science-pack"],"has_modifier":true},"worker-robots-storage-3":{"unlocks":{},"requires":["worker-robots-storage-2"],"ingredients":["automation-science-pack","logistic-science-pack","chemical-science-pack","production-science-pack","utility-science-pack"],"has_modifier":true},"toolbelt":{"unlocks":{},"requires":["logistic-science-pack"],"ingredients":["automation-science-pack","logistic-science-pack"],"has_modifier":true},"research-speed-1":{"unlocks":{},"requires":["automation-2"],"ingredients":["automation-science-pack","logistic-science-pack"],"has_modifier":true},"research-speed-2":{"unlocks":{},"requires":["research-speed-1"],"ingredients":["automation-science-pack","logistic-science-pack"],"has_modifier":true},"research-speed-3":{"unlocks":{},"requires":["research-speed-2"],"ingredients":["automation-science-pack","logistic-science-pack","chemical-science-pack"],"has_modifier":true},"research-speed-4":{"unlocks":{},"requires":["research-speed-3"],"ingredients":["automation-science-pack","logistic-science-pack","chemical-science-pack"],"has_modifier":true},"research-speed-5":{"unlocks":{},"requires":["research-speed-4"],"ingredients":["automation-science-pack","logistic-science-pack","chemical-science-pack","production-science-pack"],"has_modifier":true},"research-speed-6":{"unlocks":{},"requires":["research-speed-5"],"ingredients":["automation-science-pack","logistic-science-pack","chemical-science-pack","production-science-pack","utility-science-pack"],"has_modifier":true},"stack-inserter":{"unlocks":["stack-inserter","stack-filter-inserter"],"requires":["fast-inserter","logistics-2","advanced-electronics"],"ingredients":["automation-science-pack","logistic-science-pack"],"has_modifier":true},"inserter-capacity-bonus-1":{"unlocks":{},"requires":["stack-inserter"],"ingredients":["automation-science-pack","logistic-science-pack"],"has_modifier":true},"inserter-capacity-bonus-2":{"unlocks":{},"requires":["inserter-capacity-bonus-1"],"ingredients":["automation-science-pack","logistic-science-pack"],"has_modifier":true},"inserter-capacity-bonus-3":{"unlocks":{},"requires":["inserter-capacity-bonus-2"],"ingredients":["automation-science-pack","logistic-science-pack","chemical-science-pack"],"has_modifier":true},"inserter-capacity-bonus-4":{"unlocks":{},"requires":["inserter-capacity-bonus-3"],"ingredients":["automation-science-pack","logistic-science-pack","chemical-science-pack","production-science-pack"],"has_modifier":true},"inserter-capacity-bonus-5":{"unlocks":{},"requires":["inserter-capacity-bonus-4"],"ingredients":["automation-science-pack","logistic-science-pack","chemical-science-pack","production-science-pack"],"has_modifier":true},"inserter-capacity-bonus-6":{"unlocks":{},"requires":["inserter-capacity-bonus-5"],"ingredients":["automation-science-pack","logistic-science-pack","chemical-science-pack","production-science-pack"],"has_modifier":true},"inserter-capacity-bonus-7":{"unlocks":{},"requires":["inserter-capacity-bonus-6"],"ingredients":["automation-science-pack","logistic-science-pack","chemical-science-pack","production-science-pack","utility-science-pack"],"has_modifier":true},"oil-processing":{"unlocks":["pumpjack","oil-refinery","chemical-plant","basic-oil-processing","solid-fuel-from-petroleum-gas"],"requires":["fluid-handling"],"ingredients":["automation-science-pack","logistic-science-pack"],"has_modifier":false},"fluid-handling":{"unlocks":["storage-tank","pump","empty-barrel","fill-water-barrel","empty-water-barrel","fill-sulfuric-acid-barrel","empty-sulfuric-acid-barrel","fill-crude-oil-barrel","empty-crude-oil-barrel","fill-heavy-oil-barrel","empty-heavy-oil-barrel","fill-light-oil-barrel","empty-light-oil-barrel","fill-petroleum-gas-barrel","empty-petroleum-gas-barrel","fill-lubricant-barrel","empty-lubricant-barrel"],"requires":["automation-2","engine"],"ingredients":["automation-science-pack","logistic-science-pack"],"has_modifier":false},"advanced-oil-processing":{"unlocks":["advanced-oil-processing","heavy-oil-cracking","light-oil-cracking","solid-fuel-from-heavy-oil","solid-fuel-from-light-oil"],"requires":["chemical-science-pack"],"ingredients":["automation-science-pack","logistic-science-pack","chemical-science-pack"],"has_modifier":false},"coal-liquefaction":{"unlocks":["coal-liquefaction"],"requires":["advanced-oil-processing","production-science-pack"],"ingredients":["automation-science-pack","logistic-science-pack","chemical-science-pack","production-science-pack"],"has_modifier":false},"sulfur-processing":{"unlocks":["sulfuric-acid","sulfur"],"requires":["oil-processing"],"ingredients":["automation-science-pack","logistic-science-pack"],"has_modifier":false},"plastics":{"unlocks":["plastic-bar"],"requires":["oil-processing"],"ingredients":["automation-science-pack","logistic-science-pack"],"has_modifier":false},"artillery":{"unlocks":["artillery-wagon","artillery-turret","artillery-shell","artillery-targeting-remote"],"requires":["military-4","tank"],"ingredients":["automation-science-pack","logistic-science-pack","military-science-pack","chemical-science-pack","utility-science-pack"],"has_modifier":false},"spidertron":{"unlocks":["spidertron","spidertron-remote"],"requires":["military-4","exoskeleton-equipment","fusion-reactor-equipment","rocketry","rocket-control-unit","effectivity-module-3"],"ingredients":["automation-science-pack","logistic-science-pack","military-science-pack","chemical-science-pack","production-science-pack","utility-science-pack"],"has_modifier":false},"military":{"unlocks":["submachine-gun","shotgun","shotgun-shell"],"requires":{},"ingredients":["automation-science-pack"],"has_modifier":false},"atomic-bomb":{"unlocks":["atomic-bomb"],"requires":["military-4","kovarex-enrichment-process","rocket-control-unit","rocketry"],"ingredients":["automation-science-pack","logistic-science-pack","military-science-pack","chemical-science-pack","production-science-pack","utility-science-pack"],"has_modifier":false},"military-2":{"unlocks":["piercing-rounds-magazine","grenade"],"requires":["military","steel-processing","logistic-science-pack"],"ingredients":["automation-science-pack","logistic-science-pack"],"has_modifier":false},"uranium-ammo":{"unlocks":["uranium-rounds-magazine","uranium-cannon-shell","explosive-uranium-cannon-shell"],"requires":["uranium-processing","military-4","tank"],"ingredients":["automation-science-pack","logistic-science-pack","military-science-pack","chemical-science-pack","utility-science-pack"],"has_modifier":false},"military-3":{"unlocks":["poison-capsule","slowdown-capsule","combat-shotgun"],"requires":["chemical-science-pack","military-science-pack"],"ingredients":["automation-science-pack","logistic-science-pack","military-science-pack","chemical-science-pack"],"has_modifier":false},"military-4":{"unlocks":["piercing-shotgun-shell","cluster-grenade"],"requires":["military-3","utility-science-pack","explosives"],"ingredients":["automation-science-pack","logistic-science-pack","military-science-pack","chemical-science-pack","utility-science-pack"],"has_modifier":false},"automobilism":{"unlocks":["car"],"requires":["logistics-2","engine"],"ingredients":["automation-science-pack","logistic-science-pack"],"has_modifier":false},"flammables":{"unlocks":{},"requires":["oil-processing"],"ingredients":["automation-science-pack","logistic-science-pack"],"has_modifier":false},"flamethrower":{"unlocks":["flamethrower","flamethrower-ammo","flamethrower-turret"],"requires":["flammables","military-science-pack"],"ingredients":["automation-science-pack","logistic-science-pack","military-science-pack"],"has_modifier":false},"tank":{"unlocks":["tank","cannon-shell","explosive-cannon-shell"],"requires":["automobilism","military-3","explosives"],"ingredients":["automation-science-pack","logistic-science-pack","military-science-pack","chemical-science-pack"],"has_modifier":false},"land-mine":{"unlocks":["land-mine"],"requires":["explosives","military-science-pack"],"ingredients":["automation-science-pack","logistic-science-pack","military-science-pack"],"has_modifier":false},"rocketry":{"unlocks":["rocket-launcher","rocket"],"requires":["explosives","flammables","military-science-pack"],"ingredients":["automation-science-pack","logistic-science-pack","military-science-pack"],"has_modifier":false},"explosive-rocketry":{"unlocks":["explosive-rocket"],"requires":["rocketry","military-3"],"ingredients":["automation-science-pack","logistic-science-pack","military-science-pack","chemical-science-pack"],"has_modifier":false},"energy-weapons-damage-1":{"unlocks":{},"requires":["laser","military-science-pack"],"ingredients":["automation-science-pack","logistic-science-pack","military-science-pack","chemical-science-pack"],"has_modifier":true},"refined-flammables-1":{"unlocks":{},"requires":["flamethrower"],"ingredients":["automation-science-pack","logistic-science-pack","military-science-pack"],"has_modifier":true},"stronger-explosives-1":{"unlocks":{},"requires":["military-2"],"ingredients":["automation-science-pack","logistic-science-pack"],"has_modifier":true},"weapon-shooting-speed-1":{"unlocks":{},"requires":["military"],"ingredients":["automation-science-pack"],"has_modifier":true},"physical-projectile-damage-1":{"unlocks":{},"requires":["military"],"ingredients":["automation-science-pack"],"has_modifier":true},"energy-weapons-damage-2":{"unlocks":{},"requires":["energy-weapons-damage-1"],"ingredients":["automation-science-pack","logistic-science-pack","military-science-pack","chemical-science-pack"],"has_modifier":true},"physical-projectile-damage-2":{"unlocks":{},"requires":["physical-projectile-damage-1"],"ingredients":["automation-science-pack","logistic-science-pack"],"has_modifier":true},"refined-flammables-2":{"unlocks":{},"requires":["refined-flammables-1"],"ingredients":["automation-science-pack","logistic-science-pack","military-science-pack"],"has_modifier":true},"stronger-explosives-2":{"unlocks":{},"requires":["stronger-explosives-1"],"ingredients":["automation-science-pack","logistic-science-pack","military-science-pack"],"has_modifier":true},"weapon-shooting-speed-2":{"unlocks":{},"requires":["weapon-shooting-speed-1"],"ingredients":["automation-science-pack","logistic-science-pack"],"has_modifier":true},"energy-weapons-damage-3":{"unlocks":{},"requires":["energy-weapons-damage-2"],"ingredients":["automation-science-pack","logistic-science-pack","military-science-pack","chemical-science-pack"],"has_modifier":true},"physical-projectile-damage-3":{"unlocks":{},"requires":["physical-projectile-damage-2"],"ingredients":["automation-science-pack","logistic-science-pack","military-science-pack"],"has_modifier":true},"refined-flammables-3":{"unlocks":{},"requires":["refined-flammables-2"],"ingredients":["automation-science-pack","logistic-science-pack","military-science-pack","chemical-science-pack"],"has_modifier":true},"stronger-explosives-3":{"unlocks":{},"requires":["stronger-explosives-2"],"ingredients":["automation-science-pack","logistic-science-pack","military-science-pack","chemical-science-pack"],"has_modifier":true},"weapon-shooting-speed-3":{"unlocks":{},"requires":["weapon-shooting-speed-2"],"ingredients":["automation-science-pack","logistic-science-pack","military-science-pack"],"has_modifier":true},"energy-weapons-damage-4":{"unlocks":{},"requires":["energy-weapons-damage-3"],"ingredients":["automation-science-pack","logistic-science-pack","military-science-pack","chemical-science-pack"],"has_modifier":true},"physical-projectile-damage-4":{"unlocks":{},"requires":["physical-projectile-damage-3"],"ingredients":["automation-science-pack","logistic-science-pack","military-science-pack"],"has_modifier":true},"refined-flammables-4":{"unlocks":{},"requires":["refined-flammables-3"],"ingredients":["automation-science-pack","logistic-science-pack","military-science-pack","chemical-science-pack","utility-science-pack"],"has_modifier":true},"stronger-explosives-4":{"unlocks":{},"requires":["stronger-explosives-3"],"ingredients":["automation-science-pack","logistic-science-pack","military-science-pack","chemical-science-pack","utility-science-pack"],"has_modifier":true},"weapon-shooting-speed-4":{"unlocks":{},"requires":["weapon-shooting-speed-3"],"ingredients":["automation-science-pack","logistic-science-pack","military-science-pack"],"has_modifier":true},"energy-weapons-damage-5":{"unlocks":{},"requires":["energy-weapons-damage-4"],"ingredients":["automation-science-pack","logistic-science-pack","military-science-pack","chemical-science-pack","utility-science-pack"],"has_modifier":true},"physical-projectile-damage-5":{"unlocks":{},"requires":["physical-projectile-damage-4"],"ingredients":["automation-science-pack","logistic-science-pack","military-science-pack","chemical-science-pack"],"has_modifier":true},"refined-flammables-5":{"unlocks":{},"requires":["refined-flammables-4"],"ingredients":["automation-science-pack","logistic-science-pack","military-science-pack","chemical-science-pack","utility-science-pack"],"has_modifier":true},"stronger-explosives-5":{"unlocks":{},"requires":["stronger-explosives-4"],"ingredients":["automation-science-pack","logistic-science-pack","military-science-pack","chemical-science-pack","utility-science-pack"],"has_modifier":true},"weapon-shooting-speed-5":{"unlocks":{},"requires":["weapon-shooting-speed-4"],"ingredients":["automation-science-pack","logistic-science-pack","military-science-pack","chemical-science-pack"],"has_modifier":true},"energy-weapons-damage-6":{"unlocks":{},"requires":["energy-weapons-damage-5"],"ingredients":["automation-science-pack","logistic-science-pack","military-science-pack","chemical-science-pack","utility-science-pack"],"has_modifier":true},"physical-projectile-damage-6":{"unlocks":{},"requires":["physical-projectile-damage-5"],"ingredients":["automation-science-pack","logistic-science-pack","military-science-pack","chemical-science-pack","utility-science-pack"],"has_modifier":true},"refined-flammables-6":{"unlocks":{},"requires":["refined-flammables-5"],"ingredients":["automation-science-pack","logistic-science-pack","military-science-pack","chemical-science-pack","utility-science-pack"],"has_modifier":true},"stronger-explosives-6":{"unlocks":{},"requires":["stronger-explosives-5"],"ingredients":["automation-science-pack","logistic-science-pack","military-science-pack","chemical-science-pack","utility-science-pack"],"has_modifier":true},"weapon-shooting-speed-6":{"unlocks":{},"requires":["weapon-shooting-speed-5"],"ingredients":["automation-science-pack","logistic-science-pack","military-science-pack","chemical-science-pack","utility-science-pack"],"has_modifier":true},"laser-shooting-speed-1":{"unlocks":{},"requires":["laser","military-science-pack"],"ingredients":["automation-science-pack","logistic-science-pack","military-science-pack","chemical-science-pack"],"has_modifier":true},"laser-shooting-speed-2":{"unlocks":{},"requires":["laser-shooting-speed-1"],"ingredients":["automation-science-pack","logistic-science-pack","military-science-pack","chemical-science-pack"],"has_modifier":true},"laser-shooting-speed-3":{"unlocks":{},"requires":["laser-shooting-speed-2"],"ingredients":["automation-science-pack","logistic-science-pack","military-science-pack","chemical-science-pack"],"has_modifier":true},"laser-shooting-speed-4":{"unlocks":{},"requires":["laser-shooting-speed-3"],"ingredients":["automation-science-pack","logistic-science-pack","military-science-pack","chemical-science-pack"],"has_modifier":true},"laser-shooting-speed-5":{"unlocks":{},"requires":["laser-shooting-speed-4"],"ingredients":["automation-science-pack","logistic-science-pack","military-science-pack","chemical-science-pack","utility-science-pack"],"has_modifier":true},"laser-shooting-speed-6":{"unlocks":{},"requires":["laser-shooting-speed-5"],"ingredients":["automation-science-pack","logistic-science-pack","military-science-pack","chemical-science-pack","utility-science-pack"],"has_modifier":true},"laser-shooting-speed-7":{"unlocks":{},"requires":["laser-shooting-speed-6"],"ingredients":["automation-science-pack","logistic-science-pack","military-science-pack","chemical-science-pack","utility-science-pack"],"has_modifier":true},"defender":{"unlocks":["defender-capsule"],"requires":["military-science-pack"],"ingredients":["automation-science-pack","logistic-science-pack","military-science-pack"],"has_modifier":true},"distractor":{"unlocks":["distractor-capsule"],"requires":["defender","military-3","laser"],"ingredients":["automation-science-pack","logistic-science-pack","military-science-pack","chemical-science-pack"],"has_modifier":false},"destroyer":{"unlocks":["destroyer-capsule"],"requires":["military-4","distractor","speed-module"],"ingredients":["automation-science-pack","logistic-science-pack","military-science-pack","chemical-science-pack","utility-science-pack"],"has_modifier":false},"follower-robot-count-1":{"unlocks":{},"requires":["defender"],"ingredients":["automation-science-pack","logistic-science-pack","military-science-pack"],"has_modifier":true},"follower-robot-count-2":{"unlocks":{},"requires":["follower-robot-count-1"],"ingredients":["automation-science-pack","logistic-science-pack","military-science-pack"],"has_modifier":true},"follower-robot-count-3":{"unlocks":{},"requires":["follower-robot-count-2"],"ingredients":["automation-science-pack","logistic-science-pack","military-science-pack","chemical-science-pack"],"has_modifier":true},"follower-robot-count-4":{"unlocks":{},"requires":["follower-robot-count-3"],"ingredients":["automation-science-pack","logistic-science-pack","military-science-pack","chemical-science-pack"],"has_modifier":true},"follower-robot-count-5":{"unlocks":{},"requires":["follower-robot-count-4","destroyer"],"ingredients":["automation-science-pack","logistic-science-pack","military-science-pack","chemical-science-pack","utility-science-pack"],"has_modifier":true},"follower-robot-count-6":{"unlocks":{},"requires":["follower-robot-count-5"],"ingredients":["automation-science-pack","logistic-science-pack","military-science-pack","chemical-science-pack","utility-science-pack"],"has_modifier":true},"kovarex-enrichment-process":{"unlocks":["kovarex-enrichment-process","nuclear-fuel"],"requires":["production-science-pack","uranium-processing","rocket-fuel"],"ingredients":["automation-science-pack","logistic-science-pack","chemical-science-pack","production-science-pack"],"has_modifier":false},"nuclear-fuel-reprocessing":{"unlocks":["nuclear-fuel-reprocessing"],"requires":["nuclear-power","production-science-pack"],"ingredients":["automation-science-pack","logistic-science-pack","chemical-science-pack","production-science-pack"],"has_modifier":false},"nuclear-power":{"unlocks":["nuclear-reactor","heat-exchanger","heat-pipe","steam-turbine"],"requires":["uranium-processing"],"ingredients":["automation-science-pack","logistic-science-pack","chemical-science-pack"],"has_modifier":false},"uranium-processing":{"unlocks":["centrifuge","uranium-processing","uranium-fuel-cell"],"requires":["chemical-science-pack","concrete"],"ingredients":["automation-science-pack","logistic-science-pack","chemical-science-pack"],"has_modifier":false},"heavy-armor":{"unlocks":["heavy-armor"],"requires":["military","steel-processing"],"ingredients":["automation-science-pack"],"has_modifier":false},"modular-armor":{"unlocks":["modular-armor"],"requires":["heavy-armor","advanced-electronics"],"ingredients":["automation-science-pack","logistic-science-pack"],"has_modifier":false},"power-armor":{"unlocks":["power-armor"],"requires":["modular-armor","electric-engine","advanced-electronics-2"],"ingredients":["automation-science-pack","logistic-science-pack","chemical-science-pack"],"has_modifier":false},"power-armor-mk2":{"unlocks":["power-armor-mk2"],"requires":["power-armor","military-4","speed-module-2","effectivity-module-2"],"ingredients":["automation-science-pack","logistic-science-pack","military-science-pack","chemical-science-pack","utility-science-pack"],"has_modifier":false},"energy-shield-equipment":{"unlocks":["energy-shield-equipment"],"requires":["solar-panel-equipment","military-science-pack"],"ingredients":["automation-science-pack","logistic-science-pack","military-science-pack"],"has_modifier":false},"energy-shield-mk2-equipment":{"unlocks":["energy-shield-mk2-equipment"],"requires":["energy-shield-equipment","military-3","low-density-structure","power-armor"],"ingredients":["automation-science-pack","logistic-science-pack","military-science-pack","chemical-science-pack"],"has_modifier":false},"night-vision-equipment":{"unlocks":["night-vision-equipment"],"requires":["solar-panel-equipment"],"ingredients":["automation-science-pack","logistic-science-pack"],"has_modifier":false},"belt-immunity-equipment":{"unlocks":["belt-immunity-equipment"],"requires":["solar-panel-equipment"],"ingredients":["automation-science-pack","logistic-science-pack"],"has_modifier":false},"exoskeleton-equipment":{"unlocks":["exoskeleton-equipment"],"requires":["advanced-electronics-2","electric-engine","solar-panel-equipment"],"ingredients":["automation-science-pack","logistic-science-pack","chemical-science-pack"],"has_modifier":false},"battery-equipment":{"unlocks":["battery-equipment"],"requires":["battery","solar-panel-equipment"],"ingredients":["automation-science-pack","logistic-science-pack"],"has_modifier":false},"battery-mk2-equipment":{"unlocks":["battery-mk2-equipment"],"requires":["battery-equipment","low-density-structure","power-armor"],"ingredients":["automation-science-pack","logistic-science-pack","chemical-science-pack"],"has_modifier":false},"solar-panel-equipment":{"unlocks":["solar-panel-equipment"],"requires":["modular-armor","solar-energy"],"ingredients":["automation-science-pack","logistic-science-pack"],"has_modifier":false},"fusion-reactor-equipment":{"unlocks":["fusion-reactor-equipment"],"requires":["utility-science-pack","power-armor","military-science-pack"],"ingredients":["automation-science-pack","logistic-science-pack","military-science-pack","chemical-science-pack","utility-science-pack"],"has_modifier":false},"personal-laser-defense-equipment":{"unlocks":["personal-laser-defense-equipment"],"requires":["laser-turret","military-3","low-density-structure","power-armor","solar-panel-equipment"],"ingredients":["automation-science-pack","logistic-science-pack","military-science-pack","chemical-science-pack"],"has_modifier":false},"discharge-defense-equipment":{"unlocks":["discharge-defense-equipment","discharge-defense-remote"],"requires":["laser-turret","military-3","power-armor","solar-panel-equipment"],"ingredients":["automation-science-pack","logistic-science-pack","military-science-pack","chemical-science-pack"],"has_modifier":false},"modules":{"unlocks":{},"requires":["advanced-electronics"],"ingredients":["automation-science-pack","logistic-science-pack"],"has_modifier":false},"speed-module":{"unlocks":["speed-module"],"requires":["modules"],"ingredients":["automation-science-pack","logistic-science-pack"],"has_modifier":false},"speed-module-2":{"unlocks":["speed-module-2"],"requires":["speed-module","advanced-electronics-2"],"ingredients":["automation-science-pack","logistic-science-pack","chemical-science-pack"],"has_modifier":false},"speed-module-3":{"unlocks":["speed-module-3"],"requires":["speed-module-2","production-science-pack"],"ingredients":["automation-science-pack","logistic-science-pack","chemical-science-pack","production-science-pack"],"has_modifier":false},"productivity-module":{"unlocks":["productivity-module"],"requires":["modules"],"ingredients":["automation-science-pack","logistic-science-pack"],"has_modifier":false},"productivity-module-2":{"unlocks":["productivity-module-2"],"requires":["productivity-module","advanced-electronics-2"],"ingredients":["automation-science-pack","logistic-science-pack","chemical-science-pack"],"has_modifier":false},"productivity-module-3":{"unlocks":["productivity-module-3"],"requires":["productivity-module-2","production-science-pack"],"ingredients":["automation-science-pack","logistic-science-pack","chemical-science-pack","production-science-pack"],"has_modifier":false},"effectivity-module":{"unlocks":["effectivity-module"],"requires":["modules"],"ingredients":["automation-science-pack","logistic-science-pack"],"has_modifier":false},"effectivity-module-2":{"unlocks":["effectivity-module-2"],"requires":["effectivity-module","advanced-electronics-2"],"ingredients":["automation-science-pack","logistic-science-pack","chemical-science-pack"],"has_modifier":false},"effectivity-module-3":{"unlocks":["effectivity-module-3"],"requires":["effectivity-module-2","production-science-pack"],"ingredients":["automation-science-pack","logistic-science-pack","chemical-science-pack","production-science-pack"],"has_modifier":false},"effect-transmission":{"unlocks":["beacon"],"requires":["advanced-electronics-2","production-science-pack"],"ingredients":["automation-science-pack","logistic-science-pack","chemical-science-pack","production-science-pack"],"has_modifier":false},"low-density-structure":{"unlocks":["low-density-structure"],"requires":["advanced-material-processing","chemical-science-pack"],"ingredients":["automation-science-pack","logistic-science-pack","chemical-science-pack"],"has_modifier":false},"rocket-control-unit":{"unlocks":["rocket-control-unit"],"requires":["utility-science-pack","speed-module"],"ingredients":["automation-science-pack","logistic-science-pack","chemical-science-pack","utility-science-pack"],"has_modifier":false},"rocket-fuel":{"unlocks":["rocket-fuel"],"requires":["flammables","advanced-oil-processing"],"ingredients":["automation-science-pack","logistic-science-pack","chemical-science-pack"],"has_modifier":false},"rocket-silo":{"unlocks":["rocket-silo","rocket-part"],"requires":["concrete","speed-module-3","productivity-module-3","rocket-fuel","rocket-control-unit"],"ingredients":["automation-science-pack","logistic-science-pack","chemical-science-pack","production-science-pack","utility-science-pack"],"has_modifier":false},"cliff-explosives":{"unlocks":["cliff-explosives"],"requires":["explosives","military-2"],"ingredients":["automation-science-pack","logistic-science-pack"],"has_modifier":false}}