{ "compressionlevel":-1,
 "editorsettings":
    {
     "export":
        {
         "target":"."
        }
    },
 "height":8,
 "infinite":false,
 "layers":[
        {
         "data":[1, 1, 1, 1, 1, 1, 1, 1, 1, 1, 125, 126, 1, 129, 78, 78, 78, 130, 1, 125, 240, 240, 240, 56, 11, 11, 11, 57, 240, 240, 2, 2, 30, 47, 73, 225, 74, 79, 94, 2, 2, 2, 56, 58, 226, 225, 59, 60, 57, 2, 2, 2, 56, 10, 10, 10, 10, 10, 123, 123, 2, 2, 56, 10, 10, 10, 10, 10, 57, 2, 2, 2, 47, 48, 48, 48, 48, 48, 79, 2],
         "height":8,
         "id":1,
         "name":"Tiles",
         "opacity":1,
         "type":"tilelayer",
         "visible":true,
         "width":10,
         "x":0,
         "y":0
        }, 
        {
         "draworder":"topdown",
         "id":2,
         "name":"EntityLayer",
         "objects":[
                {
                 "height":16,
                 "id":1,
                 "name":"HEART_PIECE",
                 "rotation":0,
                 "type":"entity",
                 "visible":true,
                 "width":16,
                 "x":64,
                 "y":32
                }, 
                {
                 "height":16,
                 "id":2,
                 "name":"CROW",
                 "rotation":0,
                 "type":"entity",
                 "visible":true,
                 "width":16,
                 "x":96,
                 "y":32
                }, 
                {
                 "height":16,
                 "id":3,
                 "name":"MINI_MOLDORM",
                 "rotation":0,
                 "type":"entity",
                 "visible":true,
                 "width":16,
                 "x":112,
                 "y":96
                }, 
                {
                 "height":8,
                 "id":4,
                 "name":"1:07:23a:58:10",
                 "rotation":0,
                 "type":"warp",
                 "visible":true,
                 "width":8,
                 "x":0,
                 "y":0
                }],
         "opacity":1,
         "type":"objectgroup",
         "visible":true,
         "x":0,
         "y":0
        }],
 "nextlayerid":1,
 "nextobjectid":5,
 "orientation":"orthogonal",
 "properties":[
        {
         "name":"animationset",
         "type":"string",
         "value":"0B"
        }, 
        {
         "name":"attribset",
         "type":"string",
         "value":"25:3400"
        }, 
        {
         "name":"palette",
         "type":"string",
         "value":"0F"
        }, 
        {
         "name":"tileset",
         "type":"string",
         "value":"1C"
        }],
 "renderorder":"right-down",
 "tiledversion":"1.4.3",
 "tileheight":16,
 "tilesets":[
        {
         "columns":16,
         "firstgid":1,
         "image":"tiles_1c_0b_0f_25_3400.png",
         "imageheight":256,
         "imagewidth":256,
         "margin":0,
         "name":"main",
         "spacing":0,
         "tilecount":256,
         "tileheight":16,
         "tilewidth":16
        }],
 "tilewidth":16,
 "type":"map",
 "version":1.4,
 "width":10
}