{ "compressionlevel":-1,
 "editorsettings":
    {
     "export":
        {
         "target":"."
        }
    },
 "height":8,
 "infinite":false,
 "layers":[
        {
         "data":[1, 1, 1, 1, 6, 7, 8, 1, 1, 1, 125, 126, 1, 129, 100, 101, 102, 130, 125, 126, 240, 240, 240, 56, 114, 29, 128, 57, 240, 240, 230, 230, 30, 56, 170, 171, 192, 57, 94, 230, 230, 230, 56, 47, 73, 225, 74, 79, 57, 230, 230, 230, 56, 63, 59, 225, 59, 64, 57, 230, 230, 30, 47, 48, 73, 225, 74, 48, 79, 94, 230, 56, 63, 59, 59, 225, 59, 59, 64, 57],
         "height":8,
         "id":1,
         "name":"Tiles",
         "opacity":1,
         "type":"tilelayer",
         "visible":true,
         "width":10,
         "x":0,
         "y":0
        }, 
        {
         "draworder":"topdown",
         "id":2,
         "name":"EntityLayer",
         "objects":[
                {
                 "height":16,
                 "id":1,
                 "name":"EGG_SONG_EVENT",
                 "rotation":0,
                 "type":"entity",
                 "visible":true,
                 "width":16,
                 "x":0,
                 "y":0
                }, 
                {
                 "height":8,
                 "id":2,
                 "name":"1:08:270:50:7c",
                 "rotation":0,
                 "type":"warp",
                 "visible":true,
                 "width":8,
                 "x":0,
                 "y":0
                }, 
                {
                 "height":16,
                 "id":3,
                 "name":"E1",
                 "rotation":0,
                 "type":"hidden_tile",
                 "visible":true,
                 "width":16,
                 "x":80,
                 "y":48
                }],
         "opacity":1,
         "type":"objectgroup",
         "visible":true,
         "x":0,
         "y":0
        }],
 "nextlayerid":1,
 "nextobjectid":4,
 "orientation":"orthogonal",
 "properties":[
        {
         "name":"animationset",
         "type":"string",
         "value":"0B"
        }, 
        {
         "name":"attribset",
         "type":"string",
         "value":"27:1620"
        }, 
        {
         "name":"palette",
         "type":"string",
         "value":"13"
        }, 
        {
         "name":"tileset",
         "type":"string",
         "value":"3C"
        }],
 "renderorder":"right-down",
 "tiledversion":"1.4.3",
 "tileheight":16,
 "tilesets":[
        {
         "columns":16,
         "firstgid":1,
         "image":"tiles_3c_0b_13_27_1620.png",
         "imageheight":256,
         "imagewidth":256,
         "margin":0,
         "name":"main",
         "spacing":0,
         "tilecount":256,
         "tileheight":16,
         "tilewidth":16
        }],
 "tilewidth":16,
 "type":"map",
 "version":1.4,
 "width":10
}