{ "compressionlevel":-1,
 "editorsettings":
    {
     "export":
        {
         "target":"."
        }
    },
 "height":8,
 "infinite":false,
 "layers":[
        {
         "data":[30, 47, 48, 48, 73, 225, 48, 48, 48, 79, 56, 63, 59, 59, 59, 225, 59, 59, 59, 64, 56, 58, 59, 59, 59, 225, 59, 59, 59, 60, 47, 48, 48, 48, 73, 225, 74, 48, 48, 48, 58, 59, 226, 59, 59, 225, 59, 59, 59, 59, 201, 213, 4, 4, 4, 4, 4, 4, 4, 201, 201, 4, 4, 4, 4, 4, 4, 4, 4, 201, 48, 48, 48, 48, 48, 48, 48, 48, 48, 48],
         "height":8,
         "id":1,
         "name":"Tiles",
         "opacity":1,
         "type":"tilelayer",
         "visible":true,
         "width":10,
         "x":0,
         "y":0
        }, 
        {
         "draworder":"topdown",
         "id":2,
         "name":"EntityLayer",
         "objects":[
                {
                 "height":8,
                 "id":1,
                 "name":"0:00:082:48:30",
                 "rotation":0,
                 "type":"warp",
                 "visible":true,
                 "width":8,
                 "x":0,
                 "y":0
                }],
         "opacity":1,
         "type":"objectgroup",
         "visible":true,
         "x":0,
         "y":0
        }],
 "nextlayerid":1,
 "nextobjectid":2,
 "orientation":"orthogonal",
 "properties":[
        {
         "name":"animationset",
         "type":"string",
         "value":"0B"
        }, 
        {
         "name":"attribset",
         "type":"string",
         "value":"27:1620"
        }, 
        {
         "name":"palette",
         "type":"string",
         "value":"13"
        }, 
        {
         "name":"tileset",
         "type":"string",
         "value":"3C"
        }],
 "renderorder":"right-down",
 "tiledversion":"1.4.3",
 "tileheight":16,
 "tilesets":[
        {
         "columns":16,
         "firstgid":1,
         "image":"tiles_3c_0b_13_27_1620.png",
         "imageheight":256,
         "imagewidth":256,
         "margin":0,
         "name":"main",
         "spacing":0,
         "tilecount":256,
         "tileheight":16,
         "tilewidth":16
        }],
 "tilewidth":16,
 "type":"map",
 "version":1.4,
 "width":10
}