{ "compressionlevel":-1,
 "editorsettings":
    {
     "export":
        {
         "target":"."
        }
    },
 "height":8,
 "infinite":false,
 "layers":[
        {
         "data":[2, 2, 2, 180, 180, 180, 180, 180, 2, 2, 2, 2, 44, 180, 180, 180, 180, 180, 46, 2, 81, 81, 76, 174, 178, 232, 174, 178, 57, 2, 4, 4, 4, 175, 179, 228, 175, 179, 57, 2, 4, 4, 4, 4, 4, 4, 4, 4, 57, 2, 4, 4, 4, 4, 4, 4, 4, 4, 57, 2, 48, 48, 48, 48, 48, 48, 48, 48, 53, 2, 59, 59, 59, 59, 59, 59, 59, 59, 64, 2],
         "height":8,
         "id":1,
         "name":"Tiles",
         "opacity":1,
         "type":"tilelayer",
         "visible":true,
         "width":10,
         "x":0,
         "y":0
        }, 
        {
         "draworder":"topdown",
         "id":2,
         "name":"EntityLayer",
         "objects":[
                {
                 "height":16,
                 "id":1,
                 "name":"ARMOS_STATUE",
                 "rotation":0,
                 "type":"entity",
                 "visible":true,
                 "width":16,
                 "x":64,
                 "y":64
                }, 
                {
                 "height":16,
                 "id":2,
                 "name":"ARMOS_STATUE",
                 "rotation":0,
                 "type":"entity",
                 "visible":true,
                 "width":16,
                 "x":96,
                 "y":64
                }, 
                {
                 "height":8,
                 "id":3,
                 "name":"1:05:1d4:50:7c",
                 "rotation":0,
                 "type":"warp",
                 "visible":true,
                 "width":8,
                 "x":0,
                 "y":0
                }],
         "opacity":1,
         "type":"objectgroup",
         "visible":true,
         "x":0,
         "y":0
        }],
 "nextlayerid":1,
 "nextobjectid":4,
 "orientation":"orthogonal",
 "properties":[
        {
         "name":"animationset",
         "type":"string",
         "value":"00"
        }, 
        {
         "name":"attribset",
         "type":"string",
         "value":"25:3C00"
        }, 
        {
         "name":"palette",
         "type":"string",
         "value":"1C"
        }, 
        {
         "name":"tileset",
         "type":"string",
         "value":"2A"
        }],
 "renderorder":"right-down",
 "tiledversion":"1.4.3",
 "tileheight":16,
 "tilesets":[
        {
         "columns":16,
         "firstgid":1,
         "image":"tiles_2a_00_1c_25_3c00.png",
         "imageheight":256,
         "imagewidth":256,
         "margin":0,
         "name":"main",
         "spacing":0,
         "tilecount":256,
         "tileheight":16,
         "tilewidth":16
        }],
 "tilewidth":16,
 "type":"map",
 "version":1.4,
 "width":10
}