{ "compressionlevel":-1,
 "editorsettings":
    {
     "export":
        {
         "target":"."
        }
    },
 "height":8,
 "infinite":false,
 "layers":[
        {
         "data":[11, 57, 63, 59, 214, 215, 216, 59, 64, 63, 11, 57, 58, 59, 206, 226, 207, 59, 60, 63, 11, 57, 15, 15, 15, 12, 15, 15, 15, 58, 11, 57, 15, 15, 15, 12, 15, 15, 15, 5, 11, 57, 15, 15, 15, 12, 15, 15, 5, 5, 55, 53, 15, 15, 15, 12, 12, 12, 5, 5, 38, 39, 10, 15, 15, 15, 15, 15, 15, 38, 40, 42, 39, 38, 39, 38, 39, 38, 39, 40],
         "height":8,
         "id":1,
         "name":"Tiles",
         "opacity":1,
         "type":"tilelayer",
         "visible":true,
         "width":10,
         "x":0,
         "y":0
        }, 
        {
         "draworder":"topdown",
         "id":2,
         "name":"EntityLayer",
         "objects":[
                {
                 "height":8,
                 "id":1,
                 "name":"1:03:17a:50:7c",
                 "rotation":0,
                 "type":"warp",
                 "visible":true,
                 "width":8,
                 "x":0,
                 "y":0
                }],
         "opacity":1,
         "type":"objectgroup",
         "visible":true,
         "x":0,
         "y":0
        }],
 "nextlayerid":1,
 "nextobjectid":2,
 "orientation":"orthogonal",
 "properties":[
        {
         "name":"animationset",
         "type":"string",
         "value":"03"
        }, 
        {
         "name":"attribset",
         "type":"string",
         "value":"27:2640"
        }, 
        {
         "name":"palette",
         "type":"string",
         "value":"01"
        }, 
        {
         "name":"tileset",
         "type":"string",
         "value":"34"
        }],
 "renderorder":"right-down",
 "tiledversion":"1.4.3",
 "tileheight":16,
 "tilesets":[
        {
         "columns":16,
         "firstgid":1,
         "image":"tiles_34_03_01_27_2640.png",
         "imageheight":256,
         "imagewidth":256,
         "margin":0,
         "name":"main",
         "spacing":0,
         "tilecount":256,
         "tileheight":16,
         "tilewidth":16
        }],
 "tilewidth":16,
 "type":"map",
 "version":1.4,
 "width":10
}