{
    "ADULT_INIT_ITEMS": "03482174",
    "ADULT_VALID_ITEMS": "0348217C",
    "APPLY_BONK_DAMAGE": "0348334C",
    "AP_PLAYER_NAME": "03480839",
    "AUDIO_THREAD_INFO": "034836FC",
    "AUDIO_THREAD_INFO_MEM_SIZE": "0348371C",
    "AUDIO_THREAD_INFO_MEM_START": "03483718",
    "AUDIO_THREAD_MEM_START": "0349F3B0",
    "AUTO_TRACKER_CONTEXT": "03480D7C",
    "AUTO_TRACKER_VERSION": "03480D7C",
    "BIG_POE_COUNT": "03480EAD",
    "BOMBCHUS_IN_LOGIC": "03480D5C",
    "BONK_LAST_FRAME": "03483298",
    "CFG_A_BUTTON_COLOR": "0348085C",
    "CFG_A_NOTE_COLOR": "0348087A",
    "CFG_BOMBCHU_TRAIL_INNER_COLOR": "0348088C",
    "CFG_BOMBCHU_TRAIL_OUTER_COLOR": "0348088F",
    "CFG_BONK_DAMAGE": "03483290",
    "CFG_BOOM_TRAIL_INNER_COLOR": "03480886",
    "CFG_BOOM_TRAIL_OUTER_COLOR": "03480889",
    "CFG_B_BUTTON_COLOR": "03480862",
    "CFG_CUSTOM_MESSAGE_1": "034808A3",
    "CFG_CUSTOM_MESSAGE_2": "034808C3",
    "CFG_C_BUTTON_COLOR": "03480868",
    "CFG_C_NOTE_COLOR": "03480880",
    "CFG_DAMAGE_MULTIPLYER": "03483220",
    "CFG_DEADLY_BONKS": "0348328C",
    "CFG_DISPLAY_DPAD": "03480892",
    "CFG_DPAD_DUNGEON_INFO_ENABLE": "034808A1",
    "CFG_DUNGEON_INFO_ENABLE": "03480D80",
    "CFG_DUNGEON_INFO_MQ_ENABLE": "03480D84",
    "CFG_DUNGEON_INFO_MQ_NEED_MAP": "03480D88",
    "CFG_DUNGEON_INFO_REWARD_ENABLE": "03480D8C",
    "CFG_DUNGEON_INFO_REWARD_NEED_ALTAR": "03480D94",
    "CFG_DUNGEON_INFO_REWARD_NEED_COMPASS": "03480D90",
    "CFG_DUNGEON_INFO_REWARD_SUMMARY_ENABLE": "03480D98",
    "CFG_DUNGEON_IS_MQ": "03480DAA",
    "CFG_DUNGEON_REWARDS": "03480D9C",
    "CFG_DUNGEON_REWARD_AREAS": "03480DD0",
    "CFG_FILE_SELECT_HASH": "03480834",
    "CFG_HEART_COLOR": "03480856",
    "CFG_MAGIC_COLOR": "03480850",
    "CFG_RAINBOW_BOMBCHU_TRAIL_INNER_ENABLED": "03480897",
    "CFG_RAINBOW_BOMBCHU_TRAIL_OUTER_ENABLED": "03480898",
    "CFG_RAINBOW_BOOM_TRAIL_INNER_ENABLED": "03480895",
    "CFG_RAINBOW_BOOM_TRAIL_OUTER_ENABLED": "03480896",
    "CFG_RAINBOW_NAVI_ENEMY_INNER_ENABLED": "0348089B",
    "CFG_RAINBOW_NAVI_ENEMY_OUTER_ENABLED": "0348089C",
    "CFG_RAINBOW_NAVI_IDLE_INNER_ENABLED": "03480899",
    "CFG_RAINBOW_NAVI_IDLE_OUTER_ENABLED": "0348089A",
    "CFG_RAINBOW_NAVI_NPC_INNER_ENABLED": "0348089D",
    "CFG_RAINBOW_NAVI_NPC_OUTER_ENABLED": "0348089E",
    "CFG_RAINBOW_NAVI_PROP_INNER_ENABLED": "0348089F",
    "CFG_RAINBOW_NAVI_PROP_OUTER_ENABLED": "034808A0",
    "CFG_RAINBOW_SWORD_INNER_ENABLED": "03480893",
    "CFG_RAINBOW_SWORD_OUTER_ENABLED": "03480894",
    "CFG_SHOP_CURSOR_COLOR": "03480874",
    "CFG_SHOW_SETTING_INFO": "034808A2",
    "CFG_TEXT_CURSOR_COLOR": "0348086E",
    "CHAIN_HBA_REWARDS": "03484090",
    "CHECK_FOR_BONK_CANCEL": "034832FC",
    "CHECK_ROOM_MESH_TYPE": "0348341C",
    "CHEST_LENS_ONLY": "03482B4C",
    "CHEST_SIZE_MATCH_CONTENTS": "034948D8",
    "CHEST_SIZE_TEXTURE": "034948D4",
    "CHEST_TEXTURE_MATCH_CONTENTS": "034948DC",
    "COMPLETE_MASK_QUEST": "0349492C",
    "COOP_CONTEXT": "03480020",
    "COOP_VERSION": "03480020",
    "COSMETIC_CONTEXT": "0348084C",
    "COSMETIC_FORMAT_VERSION": "0348084C",
    "CURRENT_GROTTO_ID": "034835BE",
    "CURR_ACTOR_SPAWN_INDEX": "0348448C",
    "DEATH_LINK": "0348002B",
    "DEBUG_OFFSET": "03482E10",
    "DISABLE_TIMERS": "03480D71",
    "DPAD_TEXTURE": "034993A8",
    "DUNGEONS_SHUFFLED": "03480D72",
    "DUNGEON_IS_MQ_ADDRESS": "03480E9F",
    "DUNGEON_REWARDS_ADDRESS": "03480EA3",
    "ENHANCE_MAP_COMPASS": "03480EA7",
    "EXTENDED_OBJECT_TABLE": "03480D3C",
    "EXTERN_DAMAGE_MULTIPLYER": "03483221",
    "FAST_BUNNY_HOOD_ENABLED": "03480D74",
    "FAST_CHESTS": "03480D6B",
    "FIX_BROKEN_DROPS": "03480D75",
    "FONT_TEXTURE": "03497EE0",
    "FREE_SCARECROW_ENABLED": "03480D64",
    "GANON_BOSS_KEY_CONDITION": "034948E4",
    "GANON_BOSS_KEY_CONDITION_COUNT": "034948E2",
    "GET_CHEST_OVERRIDE_WRAPPER": "03482B50",
    "GET_ITEM_TRIGGERED": "0348183C",
    "GILDED_CHEST_BASE_TEXTURE": "0349BBA8",
    "GILDED_CHEST_FRONT_TEXTURE": "0349ABA8",
    "GOSSIP_HINT_CONDITION": "03480D60",
    "GROTTO_EXIT_LIST": "0348357C",
    "GROTTO_LOAD_TABLE": "034834F8",
    "HIDE_CHEST_WITH_INVERTED_LENS": "03482B98",
    "INCOMING_ITEM": "03480028",
    "INCOMING_PLAYER": "03480026",
    "INITIAL_SAVE_DATA": "0348093C",
    "JABU_ELEVATOR_ENABLE": "03480D68",
    "KAKARIKO_WEATHER_FORECAST": "03494958",
    "KING_DODONGO_BONKS": "034833E8",
    "LACS_CONDITION": "03480DBC",
    "LACS_CONDITION_COUNT": "03480DC2",
    "MALON_GAVE_ICETRAP": "03483DCC",
    "MALON_TEXT_ID": "03480D70",
    "MAX_RUPEES": "0349492E",
    "MOVED_ADULT_KING_ZORA": "0348373C",
    "MW_SEND_OWN_ITEMS": "0348002A",
    "NO_COLLECTIBLE_HEARTS": "03480D6A",
    "NO_ESCAPE_SEQUENCE": "034948E1",
    "OCARINAS_SHUFFLED": "03480D69",
    "OPEN_FOREST": "03480EAB",
    "OPEN_FOUNTAIN": "03480EAC",
    "OPEN_KAKARIKO": "0349492D",
    "OUTGOING_ITEM": "03480030",
    "OUTGOING_KEY": "0348002C",
    "OUTGOING_PLAYER": "03480032",
    "OVERWORLD_SHUFFLED": "03480D73",
    "PAYLOAD_START": "03480000",
    "PLANDOMIZER_USED": "03480D77",
    "PLAYED_WARP_SONG": "03481640",
    "PLAYER_ID": "03480024",
    "PLAYER_NAMES": "03480034",
    "PLAYER_NAME_ID": "03480025",
    "POTCRATE_TEXTURES_MATCH_CONTENTS": "03480D78",
    "RAINBOW_BRIDGE_CONDITION": "03480DB8",
    "RAINBOW_BRIDGE_COUNT": "03480DC0",
    "RANDOMIZER_RNG_SEED": "0349493C",
    "RANDO_CONTEXT": "03480000",
    "RNG_SEED_INT": "034948CC",
    "SET_BONK_FLAG": "034832D0",
    "SHOP_SLOTS": "03480EAE",
    "SHOW_CHEST_WITH_INVERTED_LENS": "03482C10",
    "SHOW_DUNGEON_REWARDS": "03480EA8",
    "SHUFFLE_BEANS": "03483454",
    "SHUFFLE_CARPET_SALESMAN": "03484148",
    "SHUFFLE_COWS": "03480D6C",
    "SHUFFLE_MEDIGORON": "034841A4",
    "SHUFFLE_SCRUBS": "03480EAA",
    "SILVER_CHEST_BASE_TEXTURE": "0349D3A8",
    "SILVER_CHEST_FRONT_TEXTURE": "0349C3A8",
    "SKULL_CHEST_BASE_TEXTURE": "0349EBA8",
    "SKULL_CHEST_FRONT_TEXTURE": "0349DBA8",
    "SMALL_KEY_SHUFFLE": "03480EA9",
    "SONGS_AS_ITEMS": "03480D6D",
    "SOS_ITEM_GIVEN": "03481908",
    "SPECIAL_DEAL_COUNTS": "03480DC8",
    "SPEED_MULTIPLIER": "03482CD0",
    "SPOILER_AVAILABLE": "03480D76",
    "START_TWINROVA_FIGHT": "034837BC",
    "Sram_InitNewSave": "034948D0",
    "TIME_STRING_TXT": "03480918",
    "TIME_TRAVEL_SAVED_EQUIPS": "03481E98",
    "TRIFORCE_HUNT_ENABLED": "03480DC4",
    "TRIFORCE_ICON_TEXTURE": "03499BA8",
    "TRIFORCE_PIECES_REQUIRED": "03480DC6",
    "TWINROVA_ACTION_TIMER": "034837C0",
    "VERSION_STRING_TXT": "034808E4",
    "WINDMILL_SONG_ID": "03480D6E",
    "WINDMILL_TEXT_ID": "03480D6F",
    "WORLD_STRING_TXT": "03480908",
    "a_button": "034948A0",
    "a_note_b": "0349488C",
    "a_note_font_glow_base": "03494874",
    "a_note_font_glow_max": "03494870",
    "a_note_g": "03494890",
    "a_note_glow_base": "0349487C",
    "a_note_glow_max": "03494878",
    "a_note_r": "03494894",
    "active_item_action_id": "0349490C",
    "active_item_fast_chest": "034948FC",
    "active_item_graphic_id": "03494900",
    "active_item_object_id": "03494904",
    "active_item_row": "03494910",
    "active_item_text_id": "03494908",
    "active_override": "03494918",
    "active_override_is_outgoing": "03494914",
    "adultSkeleton": "034945F4",
    "adult_safe": "03494936",
    "alt_overrides": "034949C8",
    "b_button": "0349489C",
    "beating_dd": "034948A8",
    "beating_no_dd": "034948B0",
    "c_button": "03494898",
    "c_note_b": "03494880",
    "c_note_font_glow_base": "03494864",
    "c_note_font_glow_max": "03494860",
    "c_note_g": "03494884",
    "c_note_glow_base": "0349486C",
    "c_note_glow_max": "03494868",
    "c_note_r": "03494888",
    "cfg_item_overrides": "03494E20",
    "childSkeleton": "034944F8",
    "child_safe": "03494935",
    "collectible_mutex": "034948F0",
    "collectible_override": "034948E8",
    "collectible_override_flags": "034948F4",
    "collectible_scene_flags_table": "03494BC8",
    "curr_scene_setup": "03494940",
    "defaultDDHeart": "034948B4",
    "defaultHeart": "034948BC",
    "dpad_sprite": "03491F88",
    "drop_collectible_override_flag": "03494920",
    "dummy_actor": "03494924",
    "dungeon_count": "03494830",
    "dungeons": "03491DD0",
    "empty_dlist": "03494848",
    "extern_ctxt": "03491E7C",
    "font_sprite": "03491F98",
    "freecam_modes": "03491A40",
    "hash_sprites": "0349483C",
    "hash_symbols": "03491E90",
    "heap_next": "03494954",
    "heart_sprite": "03491F28",
    "icon_sprites": "03491C04",
    "illegal_model": "03494938",
    "item_digit_sprite": "03491F48",
    "item_draw_table": "03492010",
    "item_overrides_count": "03494928",
    "item_table": "034930E8",
    "items": "03491F10",
    "items_sprite": "03491FB8",
    "key_counts": "034930CC",
    "key_rupee_clock_sprite": "03491F58",
    "last_fog_distance": "03494834",
    "linkhead_skull_sprite": "03491F38",
    "medals": "03491DB8",
    "medals_sprite": "03491FC8",
    "missing_dlist": "03494934",
    "normal_dd": "034948A4",
    "normal_no_dd": "034948AC",
    "num_override_flags": "034948F8",
    "num_to_bits": "03491ED0",
    "object_slots": "03497E20",
    "outgoing_queue": "03494988",
    "quest_items_sprite": "03491FA8",
    "reward_rows": "03491DAC",
    "rupee_colors": "03491C28",
    "satisified_pending_frames": "034948FA",
    "scene_fog_distance": "03494838",
    "setup_db": "03491FE8",
    "song_note_sprite": "03491F68",
    "stones_sprite": "03491FD8",
    "text_cursor_border_base": "03494854",
    "text_cursor_border_max": "03494850",
    "text_cursor_inner_base": "0349485C",
    "text_cursor_inner_max": "03494858",
    "text_height": "034948C4",
    "text_width": "034948C8",
    "texture_table": "034946F0",
    "triforce_sprite": "03491F78"
}